{"type": "FeatureCollection", "features": [{"type": "Feature", "properties": {"name": "Mahatma Gandhi Marine National Park", "authority": "OSM/ODbL", "osm_type": "way"}, "bbox": [92.5252572, 11.3901809, 92.6503657, 11.6079573], "geometry": {"type": "Polygon", "coordinates": [[[92.5252572, 11.557598], [92.5423403, 11.3901809], [92.5677299, 11.3906418], [92.602043, 11.4118846], [92.6214407, 11.4174374], [92.6174926, 11.4335902], [92.6110553, 11.4581544], [92.6134585, 11.4766602], [92.6315419, 11.5140212], [92.6470183, 11.528386], [92.6440143, 11.5412528], [92.6503657, 11.5490735], [92.6443576, 11.5618553], [92.6499366, 11.5712732], [92.6453876, 11.5751411], [92.6330279, 11.5805225], [92.6312255, 11.5764024], [92.6267623, 11.570096], [92.6199817, 11.5609304], [92.6188659, 11.5654711], [92.6222133, 11.5771591], [92.6114853, 11.5908408], [92.5913142, 11.5919576], [92.536228, 11.6079573], [92.5283917, 11.6076502], [92.5252572, 11.557598]]]}}, {"type": "Feature", "properties": {"name": "Rani Jhansi Marine National Park", "authority": "OSM/ODbL", "osm_type": "way"}, "bbox": [93.0013538, 12.0396201, 93.1104423, 12.2687851], "geometry": {"type": "Polygon", "coordinates": [[[93.0013538, 12.1324313], [93.0018488, 12.1250424], [93.003928, 12.1166531], [93.0036639, 12.1138135], [93.0018158, 12.1110062], [93.0017828, 12.1086829], [93.004423, 12.1068113], [93.0067992, 12.1039717], [93.0071952, 12.1015193], [93.004819, 12.0897731], [93.004357, 12.0766064], [93.0064691, 12.0637618], [93.0149177, 12.0554997], [93.0336631, 12.044526], [93.0472602, 12.0396201], [93.058877, 12.0489155], [93.0939192, 12.090106], [93.09805, 12.1188834], [93.0993408, 12.1620435], [93.1104423, 12.2110003], [93.1088659, 12.2543299], [93.1063117, 12.2613355], [93.0957959, 12.2687851], [93.0860112, 12.2685335], [93.075454, 12.2635851], [93.0644248, 12.2557429], [93.0625733, 12.2457232], [93.0612532, 12.2384988], [93.0599331, 12.2285648], [93.0554448, 12.2108892], [93.0393396, 12.1858575], [93.0067331, 12.1559195], [93.0030699, 12.14153], [93.0013538, 12.1324313]]]}}, {"type": "Feature", "properties": {"name": "Galathea National Park", "authority": "OSM/ODbL", "osm_type": "relation"}, "bbox": [93.7918728, 6.8337658, 93.8810541, 6.9958665], "geometry": {"type": "Polygon", "coordinates": [[[93.7918728, 6.970205], [93.7926307, 6.9678645], [93.7938097, 6.966527], [93.7939781, 6.9631833], [93.7940623, 6.9606756], [93.7961677, 6.9585022], [93.7976835, 6.9569975], [93.797094, 6.9543226], [93.7968414, 6.9505608], [93.7976835, 6.9496413], [93.7973466, 6.9465483], [93.7986098, 6.9451272], [93.8004625, 6.9440405], [93.8018941, 6.9436225], [93.8034942, 6.9422014], [93.8047574, 6.9397771], [93.8062732, 6.9390247], [93.8056837, 6.9365169], [93.8072837, 6.934009], [93.8087996, 6.9322534], [93.8098101, 6.9315011], [93.8120839, 6.9305815], [93.8137681, 6.9268196], [93.8137681, 6.924228], [93.8107365, 6.9233921], [93.8090522, 6.9223889], [93.8067785, 6.9197137], [93.8049258, 6.9174565], [93.8062732, 6.9158681], [93.8074522, 6.9144469], [93.8083785, 6.9129421], [93.8112417, 6.9138617], [93.8125891, 6.9121897], [93.8141892, 6.9097653], [93.8164629, 6.9075916], [93.8174735, 6.9065048], [93.8194946, 6.9046656], [93.8202525, 6.9019067], [93.8186525, 6.8989806], [93.8164629, 6.8960545], [93.8140208, 6.8958873], [93.8112417, 6.8955529], [93.8099785, 6.8942152], [93.8084627, 6.8920415], [93.8093891, 6.889199], [93.8091364, 6.886022], [93.8084627, 6.8830958], [93.8083785, 6.8805876], [93.8102312, 6.8792499], [93.8111575, 6.8779122], [93.8128418, 6.8762401], [93.8144418, 6.8737318], [93.8146945, 6.8714744], [93.8140208, 6.8690498], [93.8151155, 6.8673776], [93.8172208, 6.864953], [93.8199999, 6.8639497], [93.8206736, 6.8621939], [93.8193262, 6.8614414], [93.8178945, 6.8595184], [93.8189051, 6.8575953], [93.8198314, 6.8573445], [93.8205051, 6.8566756], [93.8229473, 6.8541673], [93.8230315, 6.8492342], [93.8248, 6.8489834], [93.8260632, 6.8483145], [93.8281685, 6.8469767], [93.8306107, 6.8443847], [93.8332213, 6.8417091], [93.8369266, 6.8401205], [93.8408004, 6.8380301], [93.8444216, 6.8365251], [93.848969, 6.8351872], [93.8506533, 6.8346856], [93.8536007, 6.8342675], [93.8573903, 6.833933], [93.8594114, 6.8337658], [93.8615167, 6.8341839], [93.8656432, 6.8348528], [93.8680011, 6.8353545], [93.8691801, 6.8365251], [93.8707801, 6.837612], [93.8724644, 6.8389499], [93.8749066, 6.8399532], [93.8749908, 6.8412074], [93.8754961, 6.8431305], [93.8754961, 6.8481473], [93.8761698, 6.8499031], [93.8759171, 6.8514917], [93.8758329, 6.8526623], [93.8759171, 6.8544181], [93.8786961, 6.8547526], [93.8804646, 6.855087], [93.8810541, 6.8566756], [93.8807172, 6.8585986], [93.8793698, 6.8612742], [93.8777698, 6.8636152], [93.8765066, 6.8657815], [93.8765066, 6.8658727], [93.8759171, 6.8667924], [93.8759171, 6.8685481], [93.8758329, 6.8713072], [93.8754118, 6.8737318], [93.8756645, 6.875822], [93.8751592, 6.878163], [93.8742329, 6.8810892], [93.8745697, 6.8826777], [93.8745697, 6.8842663], [93.8728012, 6.8862728], [93.8721275, 6.8890317], [93.8712012, 6.8920415], [93.8707801, 6.8942988], [93.8707801, 6.8962217], [93.8698538, 6.8999838], [93.8690959, 6.9029099], [93.8696012, 6.9049164], [93.8710328, 6.9060868], [93.8728855, 6.9085949], [93.8743171, 6.9106013], [93.8718749, 6.9140289], [93.8706117, 6.9164533], [93.8690959, 6.9199645], [93.8680011, 6.9237264], [93.8689275, 6.9268196], [93.8670748, 6.9297455], [93.8661484, 6.9317518], [93.8645484, 6.933591], [93.8638747, 6.9347613], [93.8631168, 6.9366841], [93.8637905, 6.9412818], [93.8642958, 6.9447092], [93.8631168, 6.9452108], [93.8624431, 6.9460468], [93.8612641, 6.9474679], [93.8598325, 6.9503937], [93.8591588, 6.9530687], [93.858064, 6.95566], [93.8582324, 6.9576663], [93.8591588, 6.9603412], [93.8601693, 6.9629326], [93.8607588, 6.9645208], [93.8628641, 6.9656075], [93.8645484, 6.966527], [93.8647168, 6.9682824], [93.8654747, 6.9692019], [93.8675801, 6.9714588], [93.8684222, 6.9732978], [93.8698538, 6.9771429], [93.8707801, 6.9796506], [93.8726328, 6.9813224], [93.8728012, 6.9844151], [93.8721275, 6.9869228], [93.8707801, 6.9900991], [93.8680011, 6.9938605], [93.8641273, 6.9958665], [93.8633694, 6.9946963], [93.8621904, 6.9924395], [93.8587377, 6.9910185], [93.856885, 6.9896811], [93.8546113, 6.987675], [93.851327, 6.9872571], [93.8464427, 6.9869228], [93.8425689, 6.9862541], [93.8402109, 6.984248], [93.8386109, 6.9822418], [93.8376003, 6.9804029], [93.8358319, 6.9783968], [93.8337265, 6.9764742], [93.8316212, 6.9747188], [93.8317896, 6.9747188], [93.8295159, 6.9746353], [93.8239579, 6.9744681], [93.8198314, 6.9746353], [93.8164629, 6.9747188], [93.8130944, 6.974886], [93.8091364, 6.974886], [93.8053468, 6.9746353], [93.8016415, 6.9728799], [93.7956624, 6.9710409], [93.7918728, 6.970205]]]}}, {"type": "Feature", "properties": {"name": "Campbell Bay National Park", "authority": "OSM/ODbL", "osm_type": "relation"}, "bbox": [93.6750413, 6.9737129, 93.8563779, 7.2438654], "geometry": {"type": "Polygon", "coordinates": [[[93.6750413, 7.1233526], [93.6760519, 7.1221828], [93.6770624, 7.1210964], [93.6787467, 7.1201772], [93.6798414, 7.1195923], [93.6821365, 7.1180546], [93.6835956, 7.1167771], [93.6853981, 7.1139239], [93.6865639, 7.1115541], [93.6863112, 7.1104677], [93.6863112, 7.1091307], [93.685806, 7.1077937], [93.6849638, 7.1058716], [93.6849638, 7.1046182], [93.6844586, 7.1026961], [93.6839533, 7.1010248], [93.6826901, 7.0996042], [93.6811743, 7.0980164], [93.6807532, 7.0968464], [93.6802479, 7.0942558], [93.6801637, 7.0925845], [93.6799953, 7.0905788], [93.6794058, 7.0877375], [93.6794058, 7.0855647], [93.6796584, 7.0843947], [93.6799111, 7.0824726], [93.6799111, 7.0803833], [93.6802479, 7.0776255], [93.6802479, 7.0760376], [93.6805006, 7.0735305], [93.6804164, 7.0705219], [93.6807532, 7.0682654], [93.6801637, 7.0667611], [93.6799953, 7.0650897], [93.6816215, 7.0633728], [93.6844539, 7.0605192], [93.6845256, 7.0592901], [93.6844408, 7.0551885], [93.6846934, 7.0539349], [93.6851145, 7.0525977], [93.6858724, 7.0508426], [93.6858724, 7.0480846], [93.6862092, 7.0459116], [93.6878093, 7.0439893], [93.6887356, 7.0427357], [93.6895777, 7.0411477], [93.691262, 7.0393926], [93.6923568, 7.0378046], [93.6931989, 7.0362166], [93.69362, 7.0348793], [93.6943779, 7.0338764], [93.6949674, 7.0317033], [93.69522, 7.0296974], [93.6950516, 7.0280258], [93.6954726, 7.0274408], [93.6957253, 7.026605], [93.6962306, 7.025602], [93.6966516, 7.0251841], [93.6979148, 7.0241811], [93.6988411, 7.0235125], [93.7001043, 7.0225931], [93.7011991, 7.0218409], [93.7022939, 7.0210051], [93.7036413, 7.0206707], [93.7050729, 7.0200021], [93.7070098, 7.0186648], [93.708273, 7.0176618], [93.7096204, 7.0163245], [93.7102099, 7.01482], [93.7112204, 7.0143185], [93.7123994, 7.0135663], [93.7143363, 7.0124797], [93.7156534, 7.0011025], [93.7162033, 6.9959564], [93.7177858, 6.9957993], [93.7196472, 6.9954026], [93.7208676, 6.9951444], [93.7229329, 6.9941434], [93.7251592, 6.9928282], [93.7283403, 6.9901873], [93.7307113, 6.9878551], [93.7309793, 6.987357], [93.7321007, 6.9852727], [93.7332568, 6.9837259], [93.7346193, 6.9816466], [93.7357807, 6.9804859], [93.7373256, 6.9753742], [93.739686, 6.9737129], [93.7434625, 6.9750334], [93.7434625, 6.9763965], [93.7411654, 6.9779933], [93.7411654, 6.9795815], [93.7413338, 6.9809189], [93.7415023, 6.9823399], [93.7420917, 6.9838445], [93.742597, 6.9848475], [93.7430181, 6.9860178], [93.7432707, 6.9874387], [93.7436918, 6.9885254], [93.7440286, 6.9891941], [93.7442813, 6.9891941], [93.745376, 6.9889433], [93.7462182, 6.988609], [93.7464708, 6.9886925], [93.7463866, 6.9891105], [93.7458813, 6.9897792], [93.7451234, 6.9899463], [93.7443655, 6.9905315], [93.7438602, 6.9911166], [93.7441971, 6.992036], [93.7452918, 6.992036], [93.7464708, 6.9922032], [93.7460497, 6.9931226], [93.7452918, 6.9939585], [93.743776, 6.9937077], [93.7424286, 6.9932062], [93.7410812, 6.9933734], [93.7410812, 6.9943764], [93.7413338, 6.9955466], [93.7419233, 6.995881], [93.7420917, 6.996884], [93.7420917, 6.9977199], [93.7426812, 6.9981378], [93.7436918, 6.9978034], [93.7444497, 6.9972183], [93.7448708, 6.9973019], [93.7448708, 6.997887], [93.7450392, 6.9993916], [93.745376, 7.0003946], [93.7460497, 7.001314], [93.7462182, 7.0021499], [93.7464708, 7.0030693], [93.7467234, 7.0030693], [93.7479866, 7.0026514], [93.7490814, 7.0024006], [93.7503446, 7.0025678], [93.7521131, 7.0034036], [93.752871, 7.0039051], [93.7539657, 7.0050753], [93.7547237, 7.0054097], [93.7552289, 7.0064127], [93.7553974, 7.0074157], [93.75565, 7.0078336], [93.7575027, 7.0084187], [93.7589343, 7.0089202], [93.7600291, 7.0096724], [93.7610396, 7.0100903], [93.761966, 7.0094217], [93.7626397, 7.0089202], [93.7633134, 7.0083351], [93.7633363, 7.0083351], [93.7637344, 7.0080008], [93.7644923, 7.0081679], [93.7654187, 7.0085023], [93.7658397, 7.0090873], [93.7661766, 7.0100068], [93.7671029, 7.0108426], [93.7687872, 7.0116784], [93.7696293, 7.0113441], [93.7708083, 7.0105083], [93.7709767, 7.0096724], [93.7711451, 7.009756], [93.771482, 7.0106754], [93.7709767, 7.011762], [93.7708083, 7.0128486], [93.7708925, 7.0139352], [93.7723241, 7.0161083], [93.7735031, 7.0176964], [93.7747663, 7.018365], [93.7759453, 7.0159411], [93.7773769, 7.0156904], [93.7789769, 7.0155232], [93.7801559, 7.0149381], [93.7815875, 7.0149381], [93.7819244, 7.0166934], [93.783356, 7.0186993], [93.7837771, 7.0201202], [93.7853771, 7.0223769], [93.7875666, 7.0223769], [93.7903456, 7.0233799], [93.7917773, 7.0237142], [93.7937984, 7.0253858], [93.7945563, 7.0251351], [93.7945563, 7.023547], [93.7941352, 7.020956], [93.7953984, 7.0189501], [93.7974195, 7.0179471], [93.8009565, 7.0181143], [93.8022196, 7.0161083], [93.8033986, 7.0139352], [93.8038197, 7.0130993], [93.8055882, 7.0126814], [93.8065987, 7.0123471], [93.8074408, 7.0129322], [93.8096304, 7.0129322], [93.8112304, 7.0130993], [93.8156095, 7.0135172], [93.8224307, 7.0145202], [93.8258834, 7.0153561], [93.828494, 7.0153561], [93.8300941, 7.0143531], [93.8300941, 7.0129322], [93.8311046, 7.0146874], [93.8318625, 7.0149381], [93.8328731, 7.0159411], [93.8346415, 7.0165262], [93.8356521, 7.016359], [93.8370837, 7.0145202], [93.8385153, 7.0145202], [93.8398627, 7.0143531], [93.8407049, 7.0126814], [93.8425436, 7.0123087], [93.8447331, 7.0133117], [93.8453226, 7.0151505], [93.8447331, 7.0175744], [93.8441436, 7.0211684], [93.8442278, 7.0213356], [93.8442234, 7.0213356], [93.8449015, 7.0227564], [93.8447331, 7.0235923], [93.8443121, 7.0253475], [93.8444805, 7.0277713], [93.8453226, 7.0300279], [93.8443121, 7.0330368], [93.8457437, 7.0357949], [93.8479332, 7.0373829], [93.8476806, 7.0393888], [93.8470911, 7.0406424], [93.8460805, 7.0434005], [93.8455903, 7.0466028], [93.8452041, 7.0490305], [93.8470303, 7.0508042], [93.8457671, 7.0540637], [93.8450092, 7.0562366], [93.8460197, 7.0590782], [93.8487987, 7.0596632], [93.8502304, 7.0600811], [93.8519988, 7.0608332], [93.8547779, 7.0626719], [93.8563779, 7.0648448], [93.8562095, 7.0672684], [93.8547779, 7.0706949], [93.8541884, 7.0748735], [93.854441, 7.0793027], [93.8535989, 7.0830634], [93.8540199, 7.0870748], [93.854441, 7.0947631], [93.8534304, 7.1003621], [93.8534304, 7.1047911], [93.854441, 7.107131], [93.854441, 7.1108078], [93.8519988, 7.1125627], [93.8508199, 7.1149861], [93.8525883, 7.1165738], [93.8534304, 7.1177437], [93.8524199, 7.1189971], [93.8518304, 7.1224232], [93.8518304, 7.1301945], [93.8531778, 7.1332027], [93.8530094, 7.1357931], [93.8509883, 7.139804], [93.8477882, 7.1418094], [93.8458246, 7.1431102], [93.8443929, 7.1447814], [93.8445614, 7.1469539], [93.8445614, 7.1479566], [93.8427929, 7.1503798], [93.8427929, 7.152803], [93.8429613, 7.1553932], [93.8449824, 7.1581506], [93.847172, 7.1598217], [93.8503721, 7.1605737], [93.8512142, 7.1625791], [93.8503721, 7.1650022], [93.8491931, 7.1670075], [93.8494457, 7.1698483], [93.8484352, 7.1726056], [93.8478457, 7.1754464], [93.8470035, 7.1772011], [93.8465825, 7.1797912], [93.8465825, 7.1820471], [93.8480141, 7.1852221], [93.8496141, 7.1874779], [93.8510835, 7.1887928], [93.8509547, 7.1909643], [93.8510344, 7.1932124], [93.8538301, 7.1964142], [93.8515126, 7.1996926], [93.8515126, 7.2022473], [93.852045, 7.2026535], [93.8542163, 7.2055257], [93.8539588, 7.2065475], [93.8531863, 7.2091873], [93.8537094, 7.2137481], [93.8535123, 7.2137481], [93.8533205, 7.2137148], [93.853063, 7.2136683], [93.8526419, 7.2136018], [93.8522744, 7.2135299], [93.8520411, 7.2134847], [93.8517085, 7.2135193], [93.8508555, 7.2137375], [93.8503405, 7.2139876], [93.8491832, 7.2148604], [93.8469999, 7.2166858], [93.8464808, 7.2171887], [93.845872, 7.2179152], [93.8456225, 7.2182824], [93.8454643, 7.2186602], [93.8453355, 7.2188598], [93.8452336, 7.2190142], [93.8451344, 7.2191499], [93.8449788, 7.219376], [93.844897, 7.2195437], [93.8447964, 7.2197539], [93.8445953, 7.2200972], [93.8443056, 7.2204324], [93.8440937, 7.2207863], [93.8440186, 7.2210737], [93.8440078, 7.2213611], [93.8440132, 7.221699], [93.8440213, 7.221856], [93.84404, 7.2219565], [93.8440615, 7.2220277], [93.8440903, 7.2220789], [93.8441279, 7.2221248], [93.8441768, 7.2221887], [93.8441902, 7.2222538], [93.8441674, 7.2223204], [93.8441125, 7.2223935], [93.8440132, 7.2224947], [93.8439086, 7.2226357], [93.8436779, 7.2230295], [93.8434526, 7.2233515], [93.843395, 7.2235018], [93.8433775, 7.2236442], [93.8434084, 7.2241125], [93.8434218, 7.224356], [93.8434446, 7.224505], [93.8434567, 7.2246819], [93.8434526, 7.2249214], [93.8434164, 7.2250279], [93.8433628, 7.2250864], [93.8432662, 7.225121], [93.8430543, 7.2252354], [93.842939, 7.2253591], [93.8429061, 7.2254124], [93.8428853, 7.2254882], [93.8428666, 7.2256878], [93.8428485, 7.2258128], [93.8427948, 7.22589], [93.8427278, 7.2259419], [93.8426446, 7.226037], [93.8426017, 7.2261541], [93.8424227, 7.2267974], [93.8422389, 7.2277726], [93.8422108, 7.2281717], [93.8422993, 7.2284524], [93.8423784, 7.2286014], [93.8424683, 7.2286946], [93.842534, 7.2287345], [93.8426466, 7.2288289], [93.8427016, 7.2288941], [93.8427298, 7.2289859], [93.8427861, 7.2291802], [93.8428532, 7.2292933], [93.8429698, 7.2293837], [93.8430811, 7.2294702], [93.8431764, 7.22957], [93.8433225, 7.2298374], [93.8436994, 7.2304108], [93.8438952, 7.230645], [93.8439938, 7.2307341], [93.8440595, 7.2307721], [93.844154, 7.2307734], [93.8442385, 7.2307674], [93.844315, 7.2307794], [93.8443981, 7.2308299], [93.8445175, 7.230947], [93.8446771, 7.2311107], [93.8448004, 7.2312637], [93.8448434, 7.2312916], [93.8449118, 7.2313076], [93.845062, 7.2312969], [93.8451639, 7.2313169], [93.8452591, 7.2313761], [93.8453369, 7.2314592], [93.8453872, 7.2315111], [93.84541, 7.2315251], [93.8454368, 7.2315284], [93.8454878, 7.2315191], [93.84553, 7.2315118], [93.8455722, 7.2315191], [93.8456018, 7.231554], [93.8456071, 7.2316056], [93.8455977, 7.2316462], [93.8455843, 7.2316847], [93.8455816, 7.2317227], [93.8455971, 7.2317719], [93.8459498, 7.2321484], [93.8461462, 7.2324065], [93.8462448, 7.2325036], [93.8463601, 7.2325928], [93.8464621, 7.2326473], [93.8466565, 7.2327032], [93.8468376, 7.2327125], [93.8471299, 7.2327325], [93.8475604, 7.2327937], [93.8477992, 7.2329147], [93.8480338, 7.2331409], [93.8482511, 7.2333777], [93.8483933, 7.23354], [93.8484174, 7.2336691], [93.8484, 7.2337635], [93.8483718, 7.233866], [93.8482055, 7.2340895], [93.8481411, 7.2342212], [93.8481224, 7.2343582], [93.8481371, 7.2344341], [93.8482001, 7.2346416], [93.8483839, 7.2350966], [93.8484134, 7.2353853], [93.8483758, 7.2355623], [93.8483262, 7.2356714], [93.8481277, 7.2358204], [93.8480392, 7.2358829], [93.8479802, 7.2359747], [93.8479051, 7.2362115], [93.8478273, 7.2365628], [93.8478273, 7.23689], [93.8478783, 7.2372493], [93.8479266, 7.2374302], [93.8479413, 7.237502], [93.8479856, 7.2375699], [93.8480312, 7.2376025], [93.8480818, 7.2376081], [93.8481334, 7.2376002], [93.8481582, 7.2376078], [93.8481703, 7.2376234], [93.8481599, 7.2376883], [93.8480895, 7.2378153], [93.8480566, 7.2378958], [93.8480379, 7.2379863], [93.8479775, 7.2382338], [93.8478702, 7.2384426], [93.8478059, 7.238561], [93.8477817, 7.2386648], [93.8477871, 7.238742], [93.8478675, 7.2390812], [93.8478796, 7.2392968], [93.8478327, 7.2395562], [93.8477924, 7.2399553], [93.8477723, 7.2401615], [93.8477723, 7.2402733], [93.8478072, 7.2403864], [93.8478719, 7.2404675], [93.8479339, 7.2405354], [93.8479628, 7.240566], [93.8479956, 7.2405833], [93.8480399, 7.2405959], [93.8480687, 7.2406159], [93.8480861, 7.2406445], [93.8480828, 7.2407083], [93.8480633, 7.2408148], [93.8480593, 7.2409212], [93.8481143, 7.2410276], [93.8482136, 7.2412112], [93.8483383, 7.2413629], [93.8484603, 7.241446], [93.848514, 7.2415066], [93.8485233, 7.2415864], [93.8484992, 7.2416928], [93.8484429, 7.2418618], [93.8483852, 7.242217], [93.8483021, 7.2426933], [93.8482699, 7.2428077], [93.8482457, 7.2428323], [93.8482102, 7.2428456], [93.8481612, 7.2428303], [93.8481103, 7.2428237], [93.8480754, 7.2428396], [93.8480633, 7.2428702], [93.8480459, 7.2429275], [93.8480593, 7.242978], [93.8480902, 7.2430445], [93.8480996, 7.2431456], [93.8480821, 7.2432374], [93.8479292, 7.2435794], [93.8478528, 7.2437137], [93.8477442, 7.2438468], [93.8476952, 7.2438654], [93.8476342, 7.2438348], [93.8475859, 7.2437629], [93.8475457, 7.2436525], [93.8475437, 7.2435474], [93.8475443, 7.2434596], [93.8475162, 7.2433958], [93.8474813, 7.2433811], [93.8474357, 7.2433958], [93.8473961, 7.2434244], [93.8473807, 7.2434576], [93.8473593, 7.2435288], [93.8473324, 7.2435521], [93.8472728, 7.243564], [93.8472171, 7.2435481], [93.8471715, 7.2434756], [93.8471434, 7.2433971], [93.8471165, 7.2431749], [93.8471648, 7.2427066], [93.8472426, 7.2423713], [93.847307, 7.2420787], [93.8473123, 7.2418631], [93.8472962, 7.2415758], [93.8472909, 7.2411447], [93.8472587, 7.2409478], [93.8471863, 7.2407775], [93.8470522, 7.2406046], [93.8468255, 7.2404569], [93.8467142, 7.2403757], [93.8466458, 7.2403544], [93.8465559, 7.2403345], [93.8464554, 7.2403425], [93.8463749, 7.2403278], [93.8462247, 7.240276], [93.8461389, 7.2401748], [93.8460638, 7.2399992], [93.8460235, 7.2398515], [93.8459511, 7.2397318], [93.8458478, 7.2396028], [93.8455743, 7.2394285], [93.845416, 7.2393487], [93.8449788, 7.239197], [93.844091, 7.2390799], [93.8433078, 7.239048], [93.8428625, 7.2391118], [93.8425863, 7.2391677], [93.8423985, 7.2392688], [93.8423341, 7.2393433], [93.8422054, 7.2395961], [93.8421223, 7.2397451], [93.8420418, 7.2398276], [93.8417628, 7.2400751], [93.8414222, 7.2404556], [93.8410708, 7.2406352], [93.8407087, 7.2407695], [93.8403869, 7.2408174], [93.8397592, 7.2408906], [93.8394374, 7.240993], [93.8390498, 7.2410928], [93.8389184, 7.2411181], [93.8388164, 7.2411274], [93.8387132, 7.241146], [93.8386367, 7.2411913], [93.8385643, 7.2412724], [93.8384597, 7.2414028], [93.838276, 7.2415252], [93.838107, 7.2415598], [93.8378012, 7.2415265], [93.8375866, 7.2415013], [93.8374136, 7.2415119], [93.8373037, 7.2415225], [93.8371722, 7.241625], [93.837081, 7.2416822], [93.836955, 7.2417633], [93.8368819, 7.241792], [93.8367934, 7.2417733], [93.836729, 7.2417115], [93.8366801, 7.2415891], [93.8366988, 7.2414001], [93.8367847, 7.2411793], [93.8369536, 7.2410383], [93.8372567, 7.2408986], [93.8375437, 7.2407482], [93.8378736, 7.2406152], [93.8381794, 7.2404582], [93.8384074, 7.2402853], [93.8385442, 7.2401309], [93.8387319, 7.2398356], [93.8389626, 7.2394577], [93.8392791, 7.23904], [93.8395634, 7.2384333], [93.8397861, 7.2379198], [93.8397807, 7.2376643], [93.8397083, 7.2373903], [93.8396412, 7.2370337], [93.839597, 7.2369167], [93.839546, 7.2368461], [93.8394615, 7.2367597], [93.8390484, 7.2365042], [93.8387896, 7.2363366], [93.838626, 7.2361996], [93.8385563, 7.2361623], [93.8385013, 7.2361576], [93.838457, 7.236169], [93.8384054, 7.2362195], [93.8383833, 7.2362767], [93.8383558, 7.2363785], [93.8383189, 7.2364656], [93.8382954, 7.2365082], [93.8382471, 7.2365594], [93.8382002, 7.236588], [93.8381278, 7.2366107], [93.838048, 7.2366772], [93.8380091, 7.2367291], [93.8379648, 7.2368115], [93.8378461, 7.2369675], [93.837828, 7.2370178], [93.8378173, 7.2370763], [93.837816, 7.2372226], [93.8378046, 7.2372858], [93.8377811, 7.237345], [93.8377275, 7.2374222], [93.8376819, 7.237538], [93.8376604, 7.2376564], [93.8376255, 7.2378413], [93.8375129, 7.2381393], [93.8373734, 7.2383681], [93.8371803, 7.2386502], [93.836951, 7.2389549], [93.8364494, 7.239197], [93.8361865, 7.2392502], [93.8359827, 7.2392023], [93.8358767, 7.2391078], [93.8357922, 7.2389136], [93.8357815, 7.2387686], [93.8357332, 7.2386329], [93.8356702, 7.2385531], [93.8353336, 7.2383402], [93.8350922, 7.2382338], [93.8349125, 7.2381832], [93.8347381, 7.2381806], [93.8345423, 7.2381806], [93.8343814, 7.2381752], [93.8341561, 7.2380954], [93.8340367, 7.2379956], [93.8339321, 7.2378027], [93.8338604, 7.2376464], [93.8337927, 7.2375606], [93.8336733, 7.2375074], [93.833456, 7.2374834], [93.8332133, 7.2374821], [93.8329504, 7.2374555], [93.8327962, 7.2373823], [93.8326862, 7.2372652], [93.832536, 7.2370204], [93.8323671, 7.2366107], [93.8321123, 7.2359907], [93.8319862, 7.2356727], [93.831946, 7.2355343], [93.8318454, 7.235384], [93.8317528, 7.2353201], [93.8314471, 7.2351711], [93.8310635, 7.2350594], [93.8304305, 7.2349636], [93.8295212, 7.2350088], [93.828848, 7.2350833], [93.828392, 7.2351738], [93.8282633, 7.2352323], [93.8281077, 7.235408], [93.8278878, 7.2355756], [93.8277644, 7.2356248], [93.8275538, 7.2356847], [93.8272883, 7.2356727], [93.8271743, 7.2357299], [93.8270536, 7.2358816], [93.8269142, 7.2360892], [93.8268203, 7.2362914], [93.8266996, 7.2365628], [93.8266513, 7.2367809], [93.8266513, 7.2369326], [93.8266459, 7.2370151], [93.82667, 7.2370869], [93.8267291, 7.2371508], [93.8267934, 7.2371668], [93.8270093, 7.2371907], [93.8271823, 7.2371907], [93.8274955, 7.2372253], [93.8275807, 7.2372439], [93.8276397, 7.2372719], [93.8276812, 7.2373051], [93.8277309, 7.2374382], [93.8277563, 7.2375353], [93.8277282, 7.2376018], [93.8277, 7.2376497], [93.827637, 7.237659], [93.8275565, 7.2376178], [93.827521, 7.2375692], [93.8274928, 7.2374927], [93.8274747, 7.2374289], [93.8274506, 7.2373763], [93.8274043, 7.2373424], [93.8273232, 7.2373371], [93.8272796, 7.2373404], [93.8272454, 7.237363], [93.8271663, 7.2374994], [93.8270791, 7.2376138], [93.8269249, 7.2376643], [93.8267586, 7.2376683], [93.8254657, 7.2372466], [93.8252552, 7.2371375], [93.8251439, 7.2370311], [93.825058, 7.2369326], [93.8250158, 7.2369286], [93.8249789, 7.2369379], [93.8249601, 7.2369645], [93.8249481, 7.2370257], [93.8249293, 7.2371335], [93.8248985, 7.2371827], [93.8248589, 7.2371994], [93.8248166, 7.237192], [93.8247415, 7.2371136], [93.8246705, 7.2370364], [93.8246128, 7.2369486], [93.824527, 7.2368608], [93.824476, 7.2368142], [93.824354, 7.2367583], [93.8236955, 7.2366745], [93.8235265, 7.2366905], [93.8233602, 7.2367277], [93.8232797, 7.2367251], [93.8222283, 7.2365867], [93.8219413, 7.2365521], [93.8216329, 7.2365654], [93.8214411, 7.236604], [93.8213713, 7.2366319], [93.8213271, 7.2366758], [93.8212734, 7.236773], [93.821247, 7.2367879], [93.821203, 7.2368026], [93.8211246, 7.2367969], [93.8209368, 7.2367025], [93.8206646, 7.2365468], [93.8201335, 7.2362754], [93.8195837, 7.2361211], [93.8192108, 7.2359321], [93.8188782, 7.2356501], [93.8187763, 7.2354252], [93.8187106, 7.2352443], [93.8186234, 7.2350753], [93.8185215, 7.2349822], [93.8182881, 7.2348838], [93.8181661, 7.2348492], [93.8179797, 7.2348039], [93.8177732, 7.2347108], [93.8176364, 7.2345379], [93.8175318, 7.2343117], [93.817462, 7.233697], [93.8174888, 7.2334948], [93.8175076, 7.2332952], [93.8175023, 7.233085], [93.8174459, 7.2328934], [93.8173708, 7.232779], [93.8168263, 7.2324943], [93.8155898, 7.2320978], [93.8153578, 7.2320233], [93.8151956, 7.2320087], [93.8150762, 7.2320154], [93.8149381, 7.2320885], [93.8148066, 7.2322562], [93.8146779, 7.2323692], [93.8145223, 7.2324025], [93.8143305, 7.2324145], [93.8141897, 7.2323639], [93.814002, 7.2321963], [93.8137928, 7.2318264], [93.8136895, 7.2316921], [93.8135701, 7.2316082], [93.8134199, 7.2315497], [93.813263, 7.2314991], [93.8131584, 7.2314845], [93.8130592, 7.2314912], [93.8129868, 7.2314832], [93.8128875, 7.2314446], [93.8127708, 7.2313501], [93.8126421, 7.2311958], [93.8125764, 7.2310601], [93.812512, 7.2309357], [93.8124302, 7.2307514], [93.8123752, 7.2306783], [93.8122599, 7.2306078], [93.8121365, 7.2305572], [93.8120265, 7.2305346], [93.8116524, 7.2305013], [93.8109174, 7.2304667], [93.809748, 7.2305944], [93.8087207, 7.2307275], [93.8079026, 7.2309883], [93.8075566, 7.2311452], [93.8072401, 7.2313847], [93.8071476, 7.2314898], [93.8070631, 7.2316349], [93.8070028, 7.231861], [93.80698, 7.2319202], [93.8069277, 7.2320207], [93.8069008, 7.2320766], [93.80688, 7.2321371], [93.80688, 7.2322089], [93.8068914, 7.2322934], [93.8069263, 7.2324384], [93.807169, 7.2329985], [93.8072173, 7.2331063], [93.8072348, 7.2331968], [93.8072361, 7.233266], [93.8071543, 7.2333963], [93.8071214, 7.2334456], [93.8070859, 7.2334622], [93.8070483, 7.2334569], [93.8069833, 7.2334216], [93.8069377, 7.2333671], [93.8068834, 7.2333292], [93.8068398, 7.2333272], [93.80676, 7.2333391], [93.8066782, 7.2333418], [93.8066145, 7.2333059], [93.8065749, 7.233246], [93.8064677, 7.2329413], [93.8062732, 7.231873], [93.8061887, 7.2313315], [93.8061109, 7.2311532], [93.806009, 7.2309856], [93.805948, 7.2308386], [93.80596, 7.2307867], [93.806005, 7.2307441], [93.8061042, 7.2307408], [93.8062437, 7.2306843], [93.8063107, 7.2305811], [93.8063342, 7.2304508], [93.8063174, 7.2303649], [93.8062759, 7.2303077], [93.8062135, 7.2302309], [93.8062095, 7.2301986], [93.8062283, 7.2301747], [93.806355, 7.230174], [93.8064811, 7.2301501], [93.8066125, 7.2300995], [93.8067305, 7.230033], [93.8068217, 7.2299], [93.8068673, 7.229727], [93.8069048, 7.2294849], [93.8069545, 7.229403], [93.8070108, 7.2293651], [93.8070819, 7.2293598], [93.8071597, 7.2293891], [93.807216, 7.2294503], [93.807326, 7.2295487], [93.8074467, 7.2295966], [93.8076264, 7.2296631], [93.8077685, 7.2297164], [93.8079402, 7.229735], [93.8081682, 7.2297217], [93.8084605, 7.2296179], [93.8088146, 7.2294263], [93.8091257, 7.2293305], [93.8093121, 7.2293372], [93.8094261, 7.2294117], [93.8095066, 7.2295221], [93.8095616, 7.2295833], [93.8096286, 7.2296192], [93.8097547, 7.2296405], [93.8099357, 7.2296578], [93.8101329, 7.2296126], [93.8102442, 7.2295793], [93.8103354, 7.2295753], [93.8104326, 7.2295826], [93.8105674, 7.2296325], [93.8106807, 7.2296671], [93.8107612, 7.2296851], [93.8108705, 7.2297064], [93.8109785, 7.2297124], [93.8111367, 7.2296711], [93.8113627, 7.2295461], [93.8116041, 7.2293146], [93.8117409, 7.2291097], [93.8118079, 7.2288729], [93.8118334, 7.2286014], [93.8117865, 7.2283247], [93.8116389, 7.2279948], [93.8114552, 7.2277912], [93.8112527, 7.2276888], [93.8109952, 7.2277047], [93.8107672, 7.227738], [93.8104561, 7.2277792], [93.8102844, 7.2278138], [93.8100752, 7.2278458], [93.8099726, 7.227867], [93.8098861, 7.2278637], [93.8098224, 7.2278391], [93.8097916, 7.2278158], [93.8097835, 7.2277759], [93.8097909, 7.2277134], [93.8097976, 7.2275883], [93.8097614, 7.2274859], [93.8094892, 7.2267215], [93.8093993, 7.2266231], [93.8093095, 7.2265619], [93.8091814, 7.226498], [93.8091029, 7.2264315], [93.8090734, 7.2263477], [93.8090855, 7.2262452], [93.8091217, 7.2261747], [93.8091874, 7.2261414], [93.8092934, 7.2261162], [93.8093913, 7.2260935], [93.8094851, 7.2260084], [93.8095361, 7.2258926], [93.8095669, 7.2256718], [93.8096917, 7.2239395], [93.8096407, 7.223551], [93.8095281, 7.2232317], [93.8094449, 7.2229789], [93.8094134, 7.2228698], [93.8094248, 7.2228286], [93.8094825, 7.2227807], [93.8095978, 7.2227288], [93.809642, 7.2226596], [93.8096689, 7.2225532], [93.8096662, 7.2224055], [93.809693, 7.2223084], [93.8097373, 7.2222525], [93.8097949, 7.2222086], [93.8098124, 7.2221614], [93.8098097, 7.2221181], [93.8097788, 7.2220463], [93.8097346, 7.2219478], [93.8097145, 7.2218308], [93.8097775, 7.2215208], [93.8098016, 7.221421], [93.8098901, 7.2212893], [93.8100632, 7.2211855], [93.8102784, 7.2211249], [93.8105406, 7.2210923], [93.8106331, 7.221103], [93.810731, 7.2212028], [93.8108504, 7.2213957], [93.8109389, 7.221558], [93.8109912, 7.2216551], [93.8110556, 7.2216911], [93.811132, 7.2216897], [93.8112219, 7.2216338], [93.8112541, 7.2215766], [93.8112487, 7.2214715], [93.8111857, 7.2213505], [93.8111427, 7.221264], [93.8111226, 7.2211722], [93.8111173, 7.2211096], [93.8111521, 7.2210578], [93.8113251, 7.220946], [93.8118106, 7.220628], [93.8118991, 7.2205176], [93.8119367, 7.2203672], [93.8119219, 7.2201983], [93.8117985, 7.2199987], [93.8117114, 7.2198484], [93.8116966, 7.2197872], [93.8117221, 7.2197193], [93.8117878, 7.2195916], [93.8118468, 7.2194858], [93.8118492, 7.2194106], [93.8118364, 7.2193777], [93.8118086, 7.2193544], [93.8117073, 7.2193535], [93.811303, 7.2195483], [93.811075, 7.2196654], [93.8108209, 7.2197033], [93.8106036, 7.2196594], [93.8104172, 7.2195304], [93.8102871, 7.2192749], [93.8102429, 7.2191139], [93.8102777, 7.218929], [93.8102831, 7.2188385], [93.8102429, 7.2187667], [93.8100269, 7.2185897], [93.8092531, 7.2182132], [93.8091217, 7.2181746], [93.8088857, 7.2181786], [93.8085973, 7.2181972], [93.8084806, 7.2182079], [93.8083707, 7.2182611], [93.8082051, 7.2183622], [93.8081145, 7.2184347], [93.8080589, 7.2185039], [93.8080475, 7.2185265], [93.8080475, 7.2185598], [93.8080649, 7.218619], [93.8080629, 7.2186576], [93.8080448, 7.2186975], [93.8080099, 7.2187547], [93.8079308, 7.2188286], [93.8077202, 7.2189975], [93.80767, 7.2190354], [93.8075975, 7.2191259], [93.8075111, 7.2192363], [93.807334, 7.2194253], [93.8072053, 7.2195184], [93.8071382, 7.2195423], [93.8070725, 7.2195397], [93.806866, 7.2194599], [93.8067104, 7.2193454], [93.8065763, 7.2192377], [93.806542, 7.2191692], [93.8065428, 7.2191006], [93.8065884, 7.2189809], [93.8068432, 7.2183516], [93.8070953, 7.2180003], [93.807157, 7.217862], [93.8071865, 7.217673], [93.8072026, 7.2174442], [93.8071811, 7.2172659], [93.8071194, 7.217053], [93.807106, 7.2168481], [93.8071382, 7.2165953], [93.8072643, 7.2163692], [93.8073984, 7.2161563], [93.8074949, 7.2158583], [93.807511, 7.2155868], [93.8075673, 7.2151544], [93.8076988, 7.2149349], [93.8078785, 7.2148285], [93.8079858, 7.2147726], [93.8082983, 7.2147606], [93.8083707, 7.2147752], [93.808427, 7.2148205], [93.8084793, 7.2149322], [93.8085437, 7.215052], [93.8086107, 7.2151398], [93.8086671, 7.2152196], [93.8087254, 7.2152748], [93.8088796, 7.2153194], [93.8089668, 7.2153666], [93.8090131, 7.2154525], [93.8090687, 7.2155676], [93.8091023, 7.2156231], [93.8092022, 7.2157112], [93.8093242, 7.2157784], [93.8096166, 7.2157518], [93.809917, 7.2156773], [93.8100953, 7.2155509], [93.8102683, 7.2152276], [93.810432, 7.2150147], [93.8104896, 7.2149655], [93.8105661, 7.2149469], [93.8107029, 7.2149722], [93.810896, 7.2150839], [93.8110583, 7.2151425], [93.8111307, 7.2151478], [93.8112661, 7.2150945], [93.8113654, 7.2150786], [93.8115638, 7.2151212], [93.8117114, 7.215201], [93.8118562, 7.2152516], [93.8120171, 7.2152329], [93.8120802, 7.215181], [93.8121003, 7.2151025], [93.8120775, 7.2150094], [93.8120198, 7.2149296], [93.8117918, 7.2147859], [93.8115826, 7.2146076], [93.8115685, 7.2145191], [93.8116068, 7.2144], [93.8117596, 7.2142138], [93.8119125, 7.2140994], [93.8121244, 7.2139636], [93.812449, 7.2137667], [93.8127547, 7.2137295], [93.8129452, 7.2137055], [93.8130739, 7.2136284], [93.8131651, 7.2135312], [93.8132617, 7.2129365], [93.8133053, 7.2128633], [93.813369, 7.2127955], [93.8135701, 7.2127103], [93.8138062, 7.2126944], [93.8138679, 7.2126611], [93.8138907, 7.2125919], [93.8138799, 7.2125028], [93.8136077, 7.2122101], [93.8134132, 7.2120916], [93.8133261, 7.2119865], [93.8132805, 7.2118535], [93.8133207, 7.2114064], [93.8132966, 7.2110605], [93.8128245, 7.2103859], [93.8125402, 7.2099509], [93.8123819, 7.2097114], [93.8121995, 7.2095198], [93.8121318, 7.2095062], [93.8120601, 7.2095251], [93.8119823, 7.2096369], [93.8119581, 7.2097752], [93.8119769, 7.2099775], [93.8120627, 7.2101717], [93.812626, 7.2109009], [93.812744, 7.2110818], [93.8127534, 7.2112188], [93.8127293, 7.2113266], [93.812626, 7.2115874], [93.8121647, 7.2121648], [93.8119259, 7.2124336], [93.8116953, 7.2125586], [93.8114566, 7.2125932], [93.8112661, 7.2126278], [93.811081, 7.2126385], [93.8107672, 7.2125986], [93.8104615, 7.2124256], [93.8103918, 7.212258], [93.8103569, 7.2119174], [93.8102764, 7.2116539], [93.8101342, 7.2115235], [93.8099867, 7.211473], [93.8097426, 7.2114437], [93.8095012, 7.211473], [93.8093269, 7.2115528], [93.8088334, 7.2118083], [93.8086912, 7.2118641], [93.8084123, 7.2118375], [93.8082084, 7.211779], [93.8080937, 7.2116073], [93.8080716, 7.2114783], [93.8081105, 7.2113718], [93.8083586, 7.211127], [93.808592, 7.2109807], [93.8087583, 7.2107811], [93.8088709, 7.2105549], [93.8089514, 7.2101744], [93.8089728, 7.2099296], [93.8089514, 7.2097566], [93.8088334, 7.2095996], [93.8086322, 7.2093069], [93.8084351, 7.2091552], [93.8082916, 7.2090801], [93.8081407, 7.2090362], [93.8079878, 7.2090282], [93.8078369, 7.2091193], [93.8077149, 7.2093096], [93.8075781, 7.2095664], [93.8075379, 7.2097224], [93.8075043, 7.2097719], [93.8074587, 7.2097826], [93.8074286, 7.209748], [93.8073937, 7.2096941], [93.8073783, 7.2096648], [93.80733, 7.2096382], [93.8072281, 7.2096236], [93.8069692, 7.2096874], [93.8068673, 7.20973], [93.8067949, 7.2098577], [93.8067573, 7.2100467], [93.8067037, 7.2101092], [93.8065924, 7.2101465], [93.8064744, 7.2101212], [93.806363, 7.2099775], [93.8062584, 7.2099176], [93.8061967, 7.2099156], [93.806123, 7.2099462], [93.8060828, 7.2099901], [93.806076, 7.210038], [93.8060801, 7.2100873], [93.8061076, 7.2101651], [93.8061056, 7.210195], [93.8060848, 7.2102369], [93.8060318, 7.2102895], [93.8056228, 7.2106827], [93.8053009, 7.2111723], [93.8052392, 7.2113931], [93.8052258, 7.2115581], [93.8051614, 7.2117231], [93.8050407, 7.2118695], [93.80481, 7.212077], [93.8047497, 7.2121023], [93.8046873, 7.2120863], [93.8046035, 7.2119892], [93.8045096, 7.2119014], [93.8043407, 7.2118721], [93.8042012, 7.2118721], [93.8039303, 7.2119919], [93.8037801, 7.2120557], [93.803654, 7.2121116], [93.8034596, 7.2121981], [93.8033617, 7.2121848], [93.803308, 7.2121395], [93.8032798, 7.2120584], [93.803304, 7.2120078], [93.8033657, 7.2119666], [93.8034475, 7.2119413], [93.8035212, 7.2118947], [93.8036326, 7.2117311], [93.8036808, 7.2115155], [93.8036674, 7.2114197], [93.8036165, 7.2112973], [93.8034515, 7.2111483], [93.8034079, 7.211125], [93.803367, 7.2111324], [93.8032976, 7.2111726], [93.8032638, 7.2111709], [93.8032336, 7.211147], [93.8031927, 7.2110851], [93.8031565, 7.2109181], [93.8031484, 7.2107784], [93.8031578, 7.2106374], [93.8031846, 7.2104299], [93.8031632, 7.2099668], [93.8031766, 7.2095783], [93.8031739, 7.2093761], [93.8031927, 7.2091951], [93.8032259, 7.2091502], [93.8032718, 7.2091433], [93.8034086, 7.2091579], [93.803536, 7.2091978], [93.8036942, 7.2091765], [93.8038257, 7.2090861], [93.8039249, 7.2088812], [93.8039169, 7.2085805], [93.8039517, 7.2083596], [93.8040939, 7.2081786], [93.8042521, 7.2080962], [93.8044319, 7.2080509], [93.8046572, 7.2078593], [93.8048127, 7.2075746], [93.8048771, 7.2073351], [93.8049951, 7.2069093], [93.8050555, 7.2068242], [93.8051561, 7.2067656], [93.8054565, 7.2067204], [93.8056147, 7.2066559], [93.8057622, 7.2065621], [93.8058226, 7.2064809], [93.80584, 7.2064343], [93.8058172, 7.2063918], [93.8057435, 7.2063745], [93.805545, 7.2063638], [93.8052875, 7.2063319], [93.8051909, 7.2063133], [93.8051145, 7.2062601], [93.804853, 7.2059647], [93.8046142, 7.2056613], [93.8043091, 7.205207], [93.8041811, 7.2048816], [93.8042133, 7.2047552], [93.8042884, 7.2046568], [93.8046974, 7.2044106], [93.804912, 7.2042297], [93.8049924, 7.2040807], [93.8049951, 7.2038917], [93.804853, 7.2032824], [93.8048181, 7.2030296], [93.8048637, 7.2028007], [93.8050139, 7.2026304], [93.8051265, 7.2024495], [93.8051299, 7.2023803], [93.8051078, 7.2023164], [93.8049924, 7.2021647], [93.8046411, 7.2018747], [93.8044694, 7.2017815], [93.8043916, 7.2017895], [93.8043219, 7.2018321], [93.8041207, 7.2023084], [93.8040081, 7.2025293], [93.8039088, 7.2031839], [93.8037774, 7.2034101], [93.8036299, 7.2035485], [93.8034716, 7.2035485], [93.8033402, 7.2034207], [93.8031873, 7.2031573], [93.8031793, 7.2029231], [93.8032544, 7.2025373], [93.8033724, 7.2021009], [93.8035575, 7.201731], [93.8036433, 7.2014462], [93.8036299, 7.2011003], [93.8034797, 7.2007411], [93.8033536, 7.2005867], [93.8032007, 7.2005521], [93.8028467, 7.2006745], [93.8025945, 7.2008342], [93.8023236, 7.2009859], [93.802278, 7.2010038], [93.8022324, 7.2009845], [93.8021801, 7.2009366], [93.8020849, 7.2008262], [93.802038, 7.2008009], [93.8019763, 7.2008129], [93.8017778, 7.2008821], [93.8017108, 7.2009366], [93.8016839, 7.2010058], [93.8016665, 7.2011389], [93.8016531, 7.2012573], [93.8016055, 7.201391], [93.8015243, 7.2014862], [93.8014171, 7.2015341], [93.8011649, 7.201582], [93.8009772, 7.2016724], [93.8008511, 7.2018321], [93.8007921, 7.2019997], [93.800776, 7.2023031], [93.8008041, 7.2024548], [93.8008457, 7.2025692], [93.8009047, 7.2026331], [93.8010824, 7.2028513], [93.8012078, 7.2031427], [93.8012092, 7.2034127], [93.8011408, 7.203631], [93.8010415, 7.2038412], [93.8010362, 7.2039117], [93.8010496, 7.2039982], [93.8010885, 7.2040714], [93.8012011, 7.2041113], [93.801299, 7.2041193], [93.8014841, 7.2041765], [93.8015686, 7.2042576], [93.8016088, 7.2043667], [93.8015753, 7.2048257], [93.8015377, 7.2049641], [93.8014935, 7.2050579], [93.8014885, 7.2051052], [93.8015069, 7.2051384], [93.8016719, 7.2052888], [93.8018033, 7.2054205], [93.8018945, 7.2056986], [93.8019294, 7.2057744], [93.8019347, 7.2058183], [93.8019169, 7.2058503], [93.8018938, 7.2058632], [93.8018234, 7.2058676], [93.8017255, 7.2058449], [93.8016662, 7.2058559], [93.8016236, 7.2058809], [93.8015659, 7.2060112], [93.8015029, 7.2060791], [93.8014412, 7.2060937], [93.8013849, 7.2060738], [93.8013004, 7.2059767], [93.8011166, 7.2059248], [93.8008444, 7.2059061], [93.800603, 7.205958], [93.8003817, 7.206127], [93.8002637, 7.2062388], [93.8001779, 7.2062295], [93.8001229, 7.2061776], [93.8001296, 7.2059753], [93.8000894, 7.2058263], [93.8000008, 7.2056906], [93.7998614, 7.2055043], [93.799573, 7.2054724], [93.7992793, 7.2055389], [93.7990943, 7.2056839], [93.7990433, 7.2057704], [93.7990285, 7.2058729], [93.799105, 7.2061416], [93.7991264, 7.2063878], [93.7990151, 7.2065301], [93.7987214, 7.206747], [93.7982896, 7.2072819], [93.7980455, 7.2075081], [93.7979583, 7.2076158], [93.7979141, 7.2077396], [93.7979034, 7.2079764], [93.7979087, 7.2082159], [93.7978524, 7.208333], [93.7977934, 7.2084022], [93.7974903, 7.2086151], [93.7972462, 7.2088652], [93.7971255, 7.2091978], [93.7969968, 7.2092989], [93.7967151, 7.2094], [93.7961814, 7.2094267], [93.7947531, 7.2095211], [93.7944782, 7.2095916], [93.7943038, 7.2096728], [93.7941295, 7.2098231], [93.7940799, 7.2099416], [93.7940919, 7.2102063], [93.7940705, 7.2103021], [93.7940115, 7.2103846], [93.7939914, 7.2104232], [93.7939779, 7.2104631], [93.7939739, 7.2105084], [93.793984, 7.2105835], [93.7939699, 7.2106441], [93.7939256, 7.2106906], [93.7938412, 7.2107146], [93.7937687, 7.2107252], [93.7936977, 7.2107625], [93.7936708, 7.210821], [93.7934509, 7.2113106], [93.7934241, 7.2114078], [93.7933879, 7.2115608], [93.793353, 7.2116313], [93.7932792, 7.2117431], [93.7932108, 7.2119027], [93.7930593, 7.2124602], [93.7930472, 7.2125533], [93.7930164, 7.2125946], [93.7929426, 7.2125892], [93.7928501, 7.2125453], [93.7927173, 7.2124801], [93.7922238, 7.2123338], [93.7918577, 7.2121941], [93.791568, 7.2118748], [93.7914178, 7.2114091], [93.7913641, 7.2112441], [93.7912327, 7.2111031], [93.7910154, 7.2110153], [93.7906292, 7.2108929], [93.7905823, 7.2108902], [93.7905353, 7.2109168], [93.7904562, 7.210982], [93.7903382, 7.2111363], [93.7902752, 7.2112202], [93.790196, 7.2112375], [93.7900914, 7.2112042], [93.7899587, 7.2109248], [93.7898889, 7.210849], [93.7897414, 7.2107997], [93.7894195, 7.2107918], [93.7890387, 7.2106853], [93.788808, 7.2104804], [93.788635, 7.2102768], [93.7885652, 7.210193], [93.7884526, 7.2101531], [93.7882662, 7.2101212], [93.7871128, 7.2100493], [93.7860238, 7.210193], [93.7854673, 7.2103713], [93.7850985, 7.2106188], [93.7849563, 7.2108051], [93.7849282, 7.2108769], [93.7849161, 7.2109581], [93.7849322, 7.2110312], [93.7850985, 7.2111776], [93.785126, 7.2112428], [93.785128, 7.2113], [93.785077, 7.2114783], [93.7842724, 7.2132665], [93.784031, 7.2136523], [93.7839103, 7.2136696], [93.7838164, 7.2136363], [93.7835857, 7.2131201], [93.7834275, 7.2125241], [93.7833202, 7.2117311], [93.7831552, 7.2114011], [93.7829903, 7.2113027], [93.7826335, 7.2112335], [93.781617, 7.2112069], [93.7811395, 7.2112122], [93.7808499, 7.2112734], [93.7805039, 7.2114703], [93.7801686, 7.2117444], [93.7800466, 7.2117949], [93.7799031, 7.2117883], [93.7796482, 7.2115821], [93.7794015, 7.2114197], [93.7790689, 7.211316], [93.7787618, 7.2112721], [93.7784708, 7.2112707], [93.7781784, 7.211316], [93.7780456, 7.2113652], [93.7779497, 7.2113579], [93.7778632, 7.2113226], [93.777764, 7.2112401], [93.7776084, 7.211163], [93.7774904, 7.2111217], [93.777428, 7.2111204], [93.7773697, 7.2111443], [93.7772993, 7.2111836], [93.7772249, 7.2112142], [93.7771618, 7.2112268], [93.7771022, 7.2112062], [93.7770767, 7.2111516], [93.777076, 7.2111097], [93.7771162, 7.2110605], [93.7772933, 7.2109621], [93.7775145, 7.2108184], [93.7776366, 7.2107399], [93.7776808, 7.2106707], [93.7776701, 7.2105616], [93.77765, 7.2104511], [93.7776366, 7.2103394], [93.7776688, 7.2102117], [93.7777787, 7.2100201], [93.7780228, 7.2098471], [93.7783152, 7.209746], [93.7785834, 7.2095491], [93.7788027, 7.2092736], [93.7789039, 7.2092344], [93.7790595, 7.2091852], [93.7791494, 7.2091872], [93.7792003, 7.2092391], [93.7792285, 7.2093043], [93.7792191, 7.2093601], [93.7791111, 7.2096043], [93.7790863, 7.2096688], [93.7790877, 7.209738], [93.7791802, 7.2098378], [93.7793089, 7.2099083], [93.7795061, 7.2099003], [93.7797824, 7.2098285], [93.7808713, 7.2093921], [93.7816706, 7.2087827], [93.7822688, 7.2082718], [93.7826523, 7.2077236], [93.7829661, 7.207532], [93.7830976, 7.2075294], [93.7831995, 7.2076597], [93.783178, 7.2079498], [93.7832129, 7.2081653], [93.7833175, 7.208309], [93.7834516, 7.2083543], [93.7835777, 7.2082824], [93.7838593, 7.2079259], [93.7839586, 7.2077343], [93.7839693, 7.2075427], [93.7839076, 7.2072792], [93.783803, 7.2070051], [93.7836984, 7.2067444], [93.7836675, 7.2066153], [93.7836876, 7.2064942], [93.7838191, 7.2063718], [93.7840819, 7.2062973], [93.7842992, 7.206284], [93.7845138, 7.2061616], [93.7848195, 7.2056161], [93.7851173, 7.2050772], [93.7852728, 7.2046222], [93.7853104, 7.2043907], [93.7853453, 7.2042763], [93.7854284, 7.2042324], [93.7855357, 7.2042749], [93.7855504, 7.2043627], [93.7855437, 7.2046182], [93.7855625, 7.204716], [93.7855893, 7.2047998], [93.785653, 7.2048683], [93.7856986, 7.2049575], [93.7857422, 7.2050692], [93.7857436, 7.2051744], [93.7857067, 7.2052302], [93.7856799, 7.2052775], [93.7856819, 7.2053373], [93.785753, 7.2055283], [93.7858991, 7.205636], [93.7860145, 7.2057531], [93.7860641, 7.2058542], [93.7860695, 7.2060246], [93.7860091, 7.2061855], [93.7859514, 7.2063173], [93.785985, 7.2064423], [93.7860574, 7.2065927], [93.7860735, 7.2067204], [93.7860842, 7.2068441], [93.7860963, 7.20692], [93.7861808, 7.2070065], [93.7865241, 7.2071595], [93.7869063, 7.2072992], [93.7871182, 7.2073883], [93.7872952, 7.2074761], [93.7876238, 7.207524], [93.7878478, 7.2075347], [93.7880409, 7.2074868], [93.7881079, 7.2073857], [93.7880918, 7.207218], [93.7879685, 7.2068881], [93.7878478, 7.2063665], [93.7877311, 7.2059753], [93.7875862, 7.2058063], [93.7875219, 7.205656], [93.787538, 7.2055429], [93.7876211, 7.2054671], [93.7877834, 7.2054511], [93.7879175, 7.2054804], [93.7880208, 7.2054724], [93.7881146, 7.2054059], [93.7882876, 7.2051398], [93.7883118, 7.2049295], [93.7882018, 7.2047379], [93.7880999, 7.2045144], [93.788065, 7.2041472], [93.7880838, 7.2039183], [93.7882045, 7.203756], [93.7884083, 7.2037188], [93.7886953, 7.2037587], [93.7890601, 7.2039077], [93.7893283, 7.2042536], [93.7893444, 7.204549], [93.7893069, 7.2049083], [93.7892532, 7.2053021], [93.7892532, 7.2055682], [93.7893498, 7.2057651], [93.7896207, 7.2060738], [93.7901866, 7.2065474], [93.7904924, 7.2067178], [93.7908357, 7.2067337], [93.7914768, 7.2064117], [93.7917531, 7.2061536], [93.7918603, 7.2057811], [93.7919247, 7.2041312], [93.7915841, 7.203277], [93.7915304, 7.2030362], [93.7914956, 7.2027847], [93.7914446, 7.2025479], [93.7913997, 7.2024887], [93.791336, 7.2024202], [93.7911898, 7.2023404], [93.7910597, 7.2022446], [93.7910074, 7.2021142], [93.7909806, 7.2018747], [93.7908465, 7.2018148], [93.7907097, 7.2018321], [93.7905876, 7.2020037], [93.7905072, 7.2021102], [93.7904146, 7.2021847], [93.790302, 7.202182], [93.7902175, 7.2021381], [93.7900203, 7.2018268], [93.7897414, 7.2015846], [93.7894973, 7.2014915], [93.789272, 7.2013491], [93.7892137, 7.2012467], [93.7891661, 7.201099], [93.7891889, 7.2009952], [93.7891862, 7.2008675], [93.7891218, 7.2007011], [93.788922, 7.2003685], [93.7887436, 7.2002421], [93.7886296, 7.2002148], [93.788519, 7.2002321], [93.7884137, 7.2002654], [93.7883145, 7.2003419], [93.7882447, 7.2004031], [93.7881616, 7.2003951], [93.7880892, 7.2003326], [93.7880623, 7.2002315], [93.7880972, 7.2000173], [93.7881911, 7.1997245], [93.7882581, 7.1994411], [93.7882206, 7.1992362], [93.788116, 7.1989236], [93.7880811, 7.1987905], [93.7880489, 7.1986947], [93.7880456, 7.1986408], [93.7880597, 7.1985936], [93.7881482, 7.1984965], [93.7886927, 7.1981226], [93.7894624, 7.1976862], [93.789795, 7.1971646], [93.7898004, 7.1966377], [93.7896234, 7.1958766], [93.7893454, 7.1955894], [93.7892371, 7.1954775], [93.7886095, 7.195371], [93.7875903, 7.1953817], [93.7867319, 7.1955946], [93.7863082, 7.1961108], [93.7857422, 7.1973296], [93.7855893, 7.1978911], [93.7854901, 7.198394], [93.785466, 7.1987293], [93.7853761, 7.1989103], [93.7852648, 7.1989741], [93.7851723, 7.1989768], [93.7850878, 7.1989289], [93.7850073, 7.1987985], [93.7848866, 7.1986149], [93.7846532, 7.1985297], [93.7845245, 7.1985324], [93.7844172, 7.198567], [93.7842938, 7.1986202], [93.7841141, 7.1986521], [93.7839076, 7.1986255], [93.783634, 7.1985617], [93.7835307, 7.1985776], [93.7834597, 7.1986155], [93.7833323, 7.1987559], [93.7830171, 7.1988384], [93.7828052, 7.1988411], [93.7825987, 7.1988757], [93.782419, 7.1989874], [93.7823868, 7.1991524], [93.782427, 7.1994664], [93.7823546, 7.1998815], [93.7822258, 7.2001663], [93.7820408, 7.200914], [93.7819979, 7.2012786], [93.7820005, 7.2014702], [93.7820595, 7.2016245], [93.7821776, 7.2018055], [93.7823519, 7.2019199], [93.7824887, 7.2020609], [93.7825316, 7.2021714], [93.7825182, 7.2023084], [93.7823707, 7.2024548], [93.7820971, 7.2026677], [93.7818477, 7.2028912], [93.7817082, 7.203156], [93.7817028, 7.2032997], [93.7816679, 7.2034314], [93.7815888, 7.2035285], [93.781267, 7.2037321], [93.7810376, 7.203937], [93.780815, 7.2040288], [93.7807533, 7.2040913], [93.7807359, 7.2041632], [93.780705, 7.2043361], [93.7806353, 7.2044186], [93.7805119, 7.2044293], [93.7803295, 7.2043787], [93.7802437, 7.2043767], [93.7801257, 7.2044053], [93.7799782, 7.2045091], [93.779659, 7.2046501], [93.7794404, 7.2048377], [93.7793827, 7.2049003], [93.7793384, 7.2050639], [93.7792741, 7.2051012], [93.7791842, 7.2050959], [93.7791306, 7.2050346], [93.7790803, 7.2049941], [93.7790223, 7.2049887], [93.7789549, 7.2050147], [93.7787269, 7.2051025], [93.7783581, 7.2050626], [93.7778646, 7.204871], [93.7775373, 7.2046155], [93.7766656, 7.2032291], [93.7763545, 7.2028832], [93.7760487, 7.2026517], [93.7757403, 7.2024335], [93.7754855, 7.2022978], [93.7749597, 7.2023909], [93.774316, 7.2028087], [93.7734175, 7.2033941], [93.7730446, 7.2037134], [93.77235, 7.2037986], [93.7719128, 7.2037214], [93.7716097, 7.2034979], [93.7712154, 7.2030056], [93.7710115, 7.2027289], [93.770915, 7.2024228], [93.7708721, 7.202186], [93.7709418, 7.2018853], [93.7710839, 7.2017523], [93.771489, 7.2014915], [93.7719771, 7.2012387], [93.7721783, 7.2012094], [93.7723768, 7.2011615], [93.7725404, 7.2009806], [93.7726369, 7.2006719], [93.7726504, 7.2003126], [93.772527, 7.1999241], [93.7722883, 7.1995995], [93.7720388, 7.1992455], [93.7720241, 7.1991298], [93.772071, 7.1990194], [93.7722293, 7.1988357], [93.7725028, 7.1986175], [93.7726262, 7.1985909], [93.7727872, 7.1986468], [93.7733933, 7.1991125], [93.7735623, 7.1992136], [93.7737447, 7.1993972], [93.7738439, 7.199642], [93.7739968, 7.1999534], [93.7740853, 7.2001476], [93.7741739, 7.2004616], [93.7742838, 7.2006745], [93.7744367, 7.2007464], [93.7745896, 7.2007357], [93.7747639, 7.2005787], [93.7749919, 7.2003792], [93.7752628, 7.2001716], [93.7754318, 7.2000625], [93.7756571, 7.1998682], [93.775802, 7.1996527], [93.7758583, 7.1994212], [93.7757671, 7.1989049], [93.7756196, 7.1978804], [93.7755632, 7.197468], [93.7756491, 7.1973163], [93.7758288, 7.1971699], [93.7761587, 7.1970927], [93.7764376, 7.19713], [93.7766817, 7.1972551], [93.7768614, 7.1973509], [93.7770358, 7.1974014], [93.7772235, 7.1973562], [93.7774515, 7.1971779], [93.777591, 7.1970049], [93.7776607, 7.1966483], [93.7777197, 7.1963663], [93.7777787, 7.1961294], [93.7777573, 7.1959139], [93.7776795, 7.1957782], [93.7774917, 7.1954801], [93.7773523, 7.1953444], [93.7771833, 7.1953178], [93.7770653, 7.1953338], [93.7768641, 7.1954109], [93.776722, 7.1954588], [93.7764752, 7.1954509], [93.7762123, 7.1953258], [93.7759763, 7.1952034], [93.7757993, 7.1950118], [93.7757134, 7.1948228], [93.7757134, 7.1946179], [93.7757564, 7.1942028], [93.7757483, 7.1935242], [93.7757403, 7.1931623], [93.7756786, 7.1928643], [93.7755847, 7.1927765], [93.7754694, 7.1927924], [93.7753245, 7.1929388], [93.7750483, 7.1932767], [93.77478, 7.1934816], [93.7742302, 7.1938436], [93.7738278, 7.1940564], [93.7737092, 7.1941675], [93.7736428, 7.194264], [93.7735677, 7.1944662], [93.7734912, 7.1947177], [93.7733799, 7.194924], [93.7733095, 7.1949446], [93.7732337, 7.1949333], [93.7731278, 7.1948707], [93.7730031, 7.194884], [93.7728824, 7.1949772], [93.7727402, 7.1952965], [93.7725954, 7.1956039], [93.772535, 7.1957715], [93.7724465, 7.1958181], [93.7723848, 7.1958114], [93.7723017, 7.1957742], [93.7721769, 7.1957037], [93.7721112, 7.1956691], [93.7719476, 7.1955946], [93.7717478, 7.1955719], [93.7715158, 7.1954908], [93.7712395, 7.1953045], [93.7710866, 7.1951342], [93.770687, 7.1948095], [93.7704563, 7.1948015], [93.7702015, 7.1948069], [93.7700245, 7.1949133], [93.7698877, 7.1950377], [93.7697804, 7.1950477], [93.7696584, 7.1949998], [93.76959, 7.1948973], [93.7695457, 7.1947337], [93.7695631, 7.194606], [93.7696221, 7.1943944], [93.7697697, 7.1942108], [93.769834, 7.1940538], [93.7697777, 7.193785], [93.7695765, 7.1932129], [93.7693244, 7.192843], [93.7691903, 7.1925995], [93.7690951, 7.1925024], [93.7689623, 7.1924252], [93.7688054, 7.1923014], [93.7687504, 7.1922043], [93.7687665, 7.1920606], [93.7688617, 7.1918983], [93.7689489, 7.1917466], [93.7689999, 7.1914166], [93.7688926, 7.1911292], [93.7686592, 7.1908897], [93.768509, 7.1906795], [93.7683991, 7.1903096], [93.7682247, 7.1900754], [93.7679082, 7.1899237], [93.7676226, 7.1899237], [93.7674777, 7.189973], [93.7674093, 7.1900608], [93.7673905, 7.1901526], [93.7674589, 7.190585], [93.7674268, 7.1907367], [93.7673677, 7.1909296], [93.7672926, 7.1911106], [93.7672108, 7.1912104], [93.7670942, 7.1912902], [93.76707, 7.19139], [93.7670767, 7.1914725], [93.7671505, 7.1915444], [93.7672041, 7.1916096], [93.7672229, 7.191704], [93.7671733, 7.1925875], [93.7671304, 7.1927898], [93.7670955, 7.1929547], [93.7671398, 7.1930732], [93.7671639, 7.1931823], [93.7671384, 7.1932861], [93.7670834, 7.1933433], [93.7669949, 7.1933752], [93.7668984, 7.1933539], [93.7668045, 7.1932954], [93.7667321, 7.1932688], [93.7666918, 7.193298], [93.7666784, 7.1933512], [93.766669, 7.1937211], [93.7667066, 7.194131], [93.7667334, 7.1943864], [93.7667696, 7.1944915], [93.7668139, 7.1945607], [93.7670016, 7.194751], [93.7670794, 7.1949093], [93.7671009, 7.1950078], [93.7670512, 7.1951049], [93.7669051, 7.1951608], [93.7665617, 7.1950716], [93.7664437, 7.1950331], [93.7663606, 7.1950184], [93.7662707, 7.1950477], [93.7661178, 7.1951861], [93.7660226, 7.1952313], [93.7659542, 7.1952459], [93.7658228, 7.1954395], [93.7657477, 7.1956265], [93.7656236, 7.1957123], [93.7655573, 7.1957642], [93.7654795, 7.1957655], [93.7653977, 7.1957263], [93.7653212, 7.1956584], [93.765222, 7.1955972], [93.7651348, 7.1955892], [93.7650704, 7.1956331], [93.765061, 7.1957569], [93.765057, 7.1958833], [93.7650879, 7.1959977], [93.7651885, 7.1961241], [93.7652501, 7.1962053], [93.7652602, 7.1962738], [93.7652361, 7.196317], [93.7651683, 7.1963995], [93.7649927, 7.1965738], [93.764762, 7.1967761], [93.7644106, 7.1973588], [93.7643355, 7.1975025], [93.7642926, 7.1977474], [93.7641907, 7.1980028], [93.7640271, 7.1980534], [93.7638581, 7.1980587], [93.7636837, 7.197899], [93.7636113, 7.1976835], [93.763504, 7.1973083], [93.7633887, 7.1970342], [93.7632412, 7.1969038], [93.7629783, 7.1967042], [93.7627718, 7.1966031], [93.7625518, 7.1966191], [93.762399, 7.196792], [93.7622608, 7.1970249], [93.7621696, 7.1970675], [93.7620717, 7.1970502], [93.7619913, 7.1969637], [93.7619591, 7.1967974], [93.762002, 7.1965366], [93.7621361, 7.1962705], [93.7622461, 7.1961108], [93.7624794, 7.1960336], [93.7627181, 7.1959032], [93.7628388, 7.1958074], [93.7628187, 7.1956757], [93.7627436, 7.1955533], [93.7624124, 7.1953604], [93.7621361, 7.1949825], [93.7620449, 7.194751], [93.7620449, 7.1946525], [93.7620905, 7.1945248], [93.7622809, 7.1944423], [93.7624955, 7.1943119], [93.7625371, 7.1942188], [93.7625304, 7.1941283], [93.7623963, 7.1937398], [93.7621817, 7.1934045], [93.7618934, 7.1931237], [93.7615889, 7.1928962], [93.7614803, 7.1928244], [93.7613972, 7.1928084], [93.7613046, 7.1928589], [93.7611866, 7.1930798], [93.7610123, 7.1933699], [93.7608916, 7.1937584], [93.7607655, 7.1939553], [93.7606917, 7.1940345], [93.760569, 7.1941057], [93.7604356, 7.194123], [93.7602894, 7.1941216], [93.7601486, 7.1942055], [93.7600151, 7.1943545], [93.7599877, 7.1943937], [93.7599776, 7.1944463], [93.759985, 7.1944716], [93.7600252, 7.1945434], [93.7600581, 7.1945986], [93.7600688, 7.1946485], [93.7600601, 7.1946805], [93.7600306, 7.1947097], [93.7599702, 7.194755], [93.7597074, 7.1948082], [93.7595223, 7.1948295], [93.7593788, 7.1947829], [93.7592407, 7.1947137], [93.7590985, 7.1946326], [93.7588464, 7.1944995], [93.7587713, 7.1944902], [93.7587149, 7.1945155], [93.7585835, 7.1947443], [93.7582576, 7.1952513], [93.7580028, 7.1957755], [93.7579894, 7.1958181], [93.7579948, 7.1958607], [93.7580256, 7.1959112], [93.7581624, 7.195995], [93.7581906, 7.196015], [93.7582053, 7.1960443], [93.7581839, 7.1962079], [93.7581503, 7.1963636], [93.7581329, 7.1965858], [93.7581611, 7.1967322], [93.758214, 7.1967927], [93.7582791, 7.1968506], [93.7583716, 7.1969304], [93.7584095, 7.1969939], [93.7584306, 7.1970648], [93.7583676, 7.1975664], [93.7583247, 7.1978139], [93.7583032, 7.1981678], [93.7583086, 7.1983381], [93.7583354, 7.1984253], [93.7584025, 7.1984818], [93.7585312, 7.1985377], [93.7586868, 7.198567], [93.7591884, 7.198535], [93.7592715, 7.1985583], [93.7593399, 7.1985972], [93.7595491, 7.19872], [93.7596309, 7.1988437], [93.7596524, 7.1990739], [93.759643, 7.1993427], [93.759695, 7.1994475], [93.7597811, 7.1995356], [93.7599702, 7.1996766], [93.7600949, 7.1997099], [93.7603337, 7.1997418], [93.7607226, 7.1997578], [93.7609479, 7.1997272], [93.7612858, 7.199674], [93.761538, 7.1997299], [93.7615983, 7.199803], [93.7616184, 7.1999387], [93.7614307, 7.200129], [93.7613489, 7.2002075], [93.7612671, 7.2003046], [93.7611195, 7.2003765], [93.7609237, 7.2004417], [93.7607655, 7.200475], [93.7606837, 7.2005056], [93.7606408, 7.2005668], [93.7606213, 7.2007278], [93.7606569, 7.2008395], [93.7607279, 7.200922], [93.7609184, 7.200946], [93.7610632, 7.2009353], [93.7613381, 7.2008661], [93.7616305, 7.200765], [93.7618867, 7.2006905], [93.7620905, 7.2006892], [93.7622213, 7.2007524], [93.7623011, 7.2008355], [93.7623835, 7.2008581], [93.7624714, 7.2008408], [93.7626819, 7.2006592], [93.7630655, 7.2002727], [93.7632023, 7.2001663], [93.7633981, 7.2000891], [93.7636167, 7.2000545], [93.7637454, 7.2000665], [93.7638406, 7.2001197], [93.7638876, 7.200286], [93.7638836, 7.2004723], [93.7638018, 7.2005907], [93.7636435, 7.2006998], [93.7632573, 7.2010112], [93.7629582, 7.20126], [93.7624969, 7.2016099], [93.7623359, 7.2017123], [93.7622514, 7.2018161], [93.7622273, 7.2019272], [93.7622353, 7.2020649], [93.7623842, 7.2023217], [93.7625438, 7.2024495], [93.7627356, 7.2024974], [93.7629327, 7.2024827], [93.7631392, 7.2024814], [93.7637642, 7.2025266], [93.7638259, 7.2025519], [93.76385, 7.2026131], [93.763905, 7.2029151], [93.7640579, 7.2033515], [93.764129, 7.2037613], [93.7640244, 7.2040647], [93.7637749, 7.2044772], [93.7633672, 7.2057039], [93.7633029, 7.2061643], [93.7632881, 7.2065435], [93.7632707, 7.2067976], [93.7632881, 7.2069918], [93.7632962, 7.2070677], [93.7633324, 7.2071159], [93.763383, 7.2071262], [93.7634745, 7.2071023], [93.7635389, 7.2070597], [93.763665, 7.2068934], [93.7639694, 7.2065741], [93.7641592, 7.2063565], [93.7642333, 7.206283], [93.764306, 7.2062567], [93.7643737, 7.206262], [93.7644351, 7.2062571], [93.7644817, 7.2062122], [93.7645239, 7.2061283], [93.7647043, 7.2057957], [93.7647566, 7.2056108], [93.7647419, 7.2054764], [93.764708, 7.2053946], [93.7646319, 7.2053407], [93.7645648, 7.2052755], [93.7645648, 7.2052419], [93.7645796, 7.2052159], [93.7646976, 7.2051903], [93.7647875, 7.2051664], [93.7648492, 7.2050493], [93.7648659, 7.2049734], [93.7648585, 7.2048776], [93.7648089, 7.2047725], [93.7646896, 7.2046495], [93.764646, 7.2045803], [93.7646332, 7.2045344], [93.7646547, 7.2045038], [93.7647834, 7.2044851], [93.765002, 7.2044758], [93.765163, 7.204412], [93.7653051, 7.204243], [93.7653427, 7.2041139], [93.7653682, 7.2038917], [93.7653816, 7.2038086], [93.7654459, 7.203784], [93.765517, 7.2038066], [93.7655653, 7.203913], [93.7656055, 7.2039623], [93.7656967, 7.2039955], [93.7658912, 7.2039929], [93.7660038, 7.2040394], [93.7660722, 7.2041738], [93.7660629, 7.2042842], [93.7660414, 7.2043747], [93.7658724, 7.20469], [93.7656176, 7.2051052], [93.7647057, 7.2061829], [93.7634906, 7.2074921], [93.7628978, 7.2082611], [93.7626082, 7.2089583], [93.7622809, 7.2100493], [93.7621039, 7.2109168], [93.7620395, 7.2112361], [93.7620141, 7.2114543], [93.7620798, 7.2116153], [93.7622836, 7.2117949], [93.7624982, 7.2120052], [93.7627785, 7.2121914], [93.7630467, 7.2123325], [93.7633176, 7.2123963], [93.7636851, 7.2124349], [93.7640941, 7.2125773], [93.7643784, 7.2126677], [93.764703, 7.2126571], [93.7649202, 7.2126199], [93.7653467, 7.2125959], [93.7655157, 7.2126491], [93.7656364, 7.2127556], [93.7657571, 7.2129072], [93.7657785, 7.2130044], [93.7657705, 7.2130935], [93.7657893, 7.2132066], [93.7658349, 7.2132585], [93.7659462, 7.213313], [93.766091, 7.2133742], [93.7661728, 7.2134793], [93.7662238, 7.2135858], [93.7661849, 7.2136776], [93.7660508, 7.2136829], [93.7659582, 7.213647], [93.7656498, 7.2134607], [93.7654486, 7.2132758], [93.7651831, 7.2131068], [93.7650463, 7.213039], [93.7649189, 7.2129751], [93.7648492, 7.2129631], [93.7647875, 7.2129724], [93.764758, 7.213019], [93.7647258, 7.2130842], [93.7646399, 7.2130842], [93.7645796, 7.2130456], [93.7645407, 7.2129824], [93.7645186, 7.2129445], [93.7644649, 7.2129212], [93.7643945, 7.2129365], [93.7642416, 7.2130017], [93.7640807, 7.2130137], [93.763952, 7.2129711], [93.7636717, 7.2128394], [93.7633954, 7.2126651], [93.7632988, 7.2126278], [93.7630936, 7.2126611], [93.7629139, 7.212717], [93.7623936, 7.2128327], [93.7616855, 7.2131254], [93.7615339, 7.2132392], [93.7614548, 7.2133809], [93.761369, 7.2136151], [93.7612932, 7.2137095], [93.7611987, 7.2137175], [93.7611155, 7.2136909], [93.7610203, 7.213651], [93.760905, 7.2135805], [93.7608366, 7.2135406], [93.7607642, 7.2135246], [93.7606877, 7.2135219], [93.7606139, 7.2135472], [93.7605576, 7.213623], [93.7605375, 7.2137095], [93.7605067, 7.2138], [93.7604302, 7.2138519], [93.7602934, 7.2138239], [93.7601982, 7.2137361], [93.7601338, 7.2135632], [93.7600708, 7.2133742], [93.759875, 7.2130403], [93.7596685, 7.2127981], [93.7592849, 7.2125693], [93.7589899, 7.2124283], [93.7586439, 7.2123857], [93.7585366, 7.2123963], [93.7584367, 7.2124269], [93.7582228, 7.2124961], [93.758153, 7.2124974], [93.7581047, 7.2124562], [93.7580283, 7.212254], [93.7579492, 7.2111989], [93.7579143, 7.2111057], [93.7578446, 7.2110579], [93.7568012, 7.2107784], [93.7561816, 7.2107066], [93.7556827, 7.2106268], [93.7553474, 7.210664], [93.7551302, 7.2107385], [93.7549438, 7.2107771], [93.7546997, 7.2106747], [93.7545428, 7.2103553], [93.7545696, 7.2100387], [93.7546474, 7.209714], [93.7546501, 7.2095012], [93.7544838, 7.2092218], [93.7539473, 7.2085006], [93.7533331, 7.2078593], [93.7530112, 7.2075453], [93.7526625, 7.2073591], [93.7521851, 7.2071329], [93.7516004, 7.2068215], [93.7515186, 7.2066818], [93.7514743, 7.2065022], [93.7515105, 7.206292], [93.7516567, 7.2061829], [93.752169, 7.2062055], [93.7524346, 7.2062614], [93.7526223, 7.2063239], [93.7527645, 7.2063399], [93.7528731, 7.2063013], [93.7529656, 7.2061483], [93.7532204, 7.20566], [93.7532325, 7.2054923], [93.753211, 7.2053021], [93.7531574, 7.2050786], [93.7531145, 7.2049482], [93.7531319, 7.2048417], [93.7532097, 7.204734], [93.7534296, 7.2047113], [93.7536791, 7.2048125], [93.7540224, 7.2049668], [93.7542665, 7.2051158], [93.7544087, 7.2052116], [93.7545884, 7.2051956], [93.754752, 7.2051025], [93.7549639, 7.2048125], [93.7551275, 7.2044905], [93.7551597, 7.2042922], [93.7551194, 7.2041033], [93.7550256, 7.2038891], [93.7547439, 7.2033329], [93.7547412, 7.2031866], [93.7548298, 7.2030535], [93.7549719, 7.2030642], [93.7551382, 7.2031653], [93.7553662, 7.2034606], [93.7555835, 7.2036522], [93.7559831, 7.2037986], [93.7564444, 7.2040195], [93.7567234, 7.2041791], [93.7570989, 7.204416], [93.7573189, 7.2044825], [93.7575871, 7.2044851], [93.7577185, 7.204408], [93.7578607, 7.2042324], [93.7577748, 7.2038492], [93.7572652, 7.2032531], [93.756541, 7.2028593], [93.756026, 7.202492], [93.7556344, 7.2018693], [93.7554306, 7.2016032], [93.7551784, 7.2014116], [93.7546626, 7.2010422], [93.7533063, 7.2012041], [93.7530421, 7.20126], [93.7529281, 7.2013598], [93.7528208, 7.2014782], [93.7525633, 7.2017123], [93.7523916, 7.2017789], [93.7519464, 7.2018667], [93.7518391, 7.2019558], [93.751793, 7.2020159], [93.7517855, 7.2020583], [93.7517895, 7.2020949], [93.7518089, 7.2021344], [93.7518404, 7.2022126], [93.7518378, 7.2022452], [93.7518203, 7.2022865], [93.7517841, 7.2023124], [93.7517298, 7.2023417], [93.7516802, 7.2023839], [93.7515092, 7.2025905], [93.7513027, 7.2027954], [93.7511766, 7.2028433], [93.7510955, 7.2028533], [93.7510103, 7.202822], [93.7506465, 7.2024308], [93.7506234, 7.2024198], [93.7505862, 7.2024169], [93.7505429, 7.2024275], [93.7504879, 7.2024534], [93.7504262, 7.2024568], [93.7503934, 7.2024348], [93.7503686, 7.202353], [93.7503451, 7.2022898], [93.7503143, 7.2022286], [93.7501439, 7.2020543], [93.7495981, 7.2016578], [93.7493876, 7.2014516], [93.7493031, 7.2012759], [93.7492581, 7.2011449], [93.749238, 7.2010936], [93.7492085, 7.2010364], [93.7490563, 7.2008994], [93.7485078, 7.2004883], [93.7480947, 7.2002222], [93.7478131, 7.2000944], [93.7475073, 7.1999827], [93.7471855, 7.2000412], [93.7469119, 7.2000918], [93.7465605, 7.2002381], [93.7463352, 7.2002834], [93.746126, 7.2002807], [93.7459624, 7.2001876], [93.7457424, 7.1999215], [93.7455466, 7.199642], [93.7455171, 7.1995263], [93.7455171, 7.1993493], [93.7455466, 7.1991657], [93.745544, 7.199042], [93.7454984, 7.1989063], [93.7451872, 7.1986042], [93.7449592, 7.1984712], [93.7447232, 7.198378], [93.7446307, 7.1983055], [93.7445797, 7.1982277], [93.7445026, 7.1980241], [93.7444805, 7.197929], [93.7444503, 7.1978811], [93.7444033, 7.1978292], [93.7443396, 7.1977793], [93.744282, 7.1977287], [93.7441801, 7.197597], [93.7440446, 7.1972777], [93.7439829, 7.1969677], [93.7439621, 7.1967435], [93.7439387, 7.1965964], [93.7438904, 7.1965113], [93.7437978, 7.1964115], [93.7435913, 7.1962678], [93.7434129, 7.1961015], [93.7431622, 7.1958354], [93.7428242, 7.1954588], [93.7424675, 7.1949559], [93.7420209, 7.1944569], [93.7415971, 7.1941216], [93.7412015, 7.1938808], [93.7410325, 7.1937996], [93.7408622, 7.1937478], [93.7407549, 7.1937318], [93.7406878, 7.1936972], [93.7406195, 7.1936453], [93.7404612, 7.1934883], [93.7402976, 7.1932927], [93.7401232, 7.1931304], [93.7399113, 7.192827], [93.7398013, 7.1924651], [93.7395894, 7.1916615], [93.7392944, 7.1908205], [93.7389189, 7.1903628], [93.7384817, 7.1899237], [93.738023, 7.1895432], [93.7374222, 7.189176], [93.7371285, 7.1889844], [93.7367892, 7.188697], [93.7365183, 7.1884375], [93.7363641, 7.1882991], [93.7361884, 7.1881674], [93.7356573, 7.1878348], [93.7352684, 7.1876644], [93.7347615, 7.1874755], [93.7346488, 7.1874569], [93.7345281, 7.1874343], [93.7344691, 7.1873697], [93.7344497, 7.1873185], [93.7344564, 7.1872746], [93.7344778, 7.1872387], [93.7344993, 7.1872007], [93.734506, 7.1871535], [93.7344919, 7.187091], [93.7343645, 7.1869606], [93.7341164, 7.1868262], [93.732554, 7.1863365], [93.7308481, 7.1860758], [93.7302232, 7.1860465], [93.7299442, 7.1860225], [93.729727, 7.1859427], [93.7293649, 7.1857218], [93.7289706, 7.1855036], [93.7287024, 7.1854264], [93.7284127, 7.1853865], [93.7278977, 7.1853386], [93.7276724, 7.185304], [93.7274069, 7.1852402], [93.7269562, 7.1850991], [93.7264144, 7.1849927], [93.7254864, 7.1849341], [93.7244189, 7.185131], [93.7236357, 7.1853546], [93.7234761, 7.1854484], [93.7234439, 7.1855043], [93.7234426, 7.1855628], [93.7234814, 7.1857192], [93.7235324, 7.1858708], [93.7235458, 7.1859587], [93.7235378, 7.1860199], [93.7234077, 7.1861716], [93.723055, 7.186415], [93.722949, 7.1865029], [93.7228712, 7.1865747], [93.7227935, 7.186584], [93.7227318, 7.1865468], [93.722603, 7.1863844], [93.7224823, 7.1862753], [93.7222677, 7.1861476], [93.7221068, 7.1860491], [93.7219633, 7.1860252], [93.7217742, 7.1860398], [93.721557, 7.1860704], [93.7213343, 7.1860704], [93.7210983, 7.1860385], [93.7207952, 7.1859906], [93.720417, 7.1859108], [93.7200844, 7.1857404], [93.7196177, 7.1855009], [93.7192771, 7.1853679], [93.718864, 7.1852827], [93.7184563, 7.1853785], [93.7178153, 7.1856925], [93.7175122, 7.1859959], [93.7173915, 7.1861077], [93.7172554, 7.1863153], [93.7172413, 7.1863811], [93.7172601, 7.1864749], [93.7174223, 7.1866652], [93.7174706, 7.186753], [93.7174813, 7.1868634], [93.7174532, 7.187071], [93.7174344, 7.1873079], [93.7174532, 7.1874083], [93.7175015, 7.1874995], [93.717598, 7.1875873], [93.7177697, 7.1876831], [93.7178394, 7.1877749], [93.7178931, 7.1878773], [93.7179896, 7.1882579], [93.7180111, 7.1885799], [93.7179628, 7.1889152], [93.7175041, 7.1895831], [93.7170804, 7.1899903], [93.7166539, 7.1903389], [93.7160584, 7.1904666], [93.7152994, 7.1905172], [93.7144411, 7.1904719], [93.7138858, 7.190448], [93.7134057, 7.1904373], [93.7131536, 7.1903655], [93.712357, 7.1900728], [93.7117508, 7.1898785], [93.7107128, 7.189639], [93.7098384, 7.1896337], [93.7091142, 7.1897242], [93.7087843, 7.1898093], [93.708567, 7.1899158], [93.7082237, 7.190299], [93.7078696, 7.1906715], [93.7075505, 7.1908232], [93.7073627, 7.1908259], [93.7071669, 7.1907833], [93.7067592, 7.190597], [93.7062509, 7.1903375], [93.7058231, 7.1900621], [93.7051767, 7.1896044], [93.7042782, 7.1889338], [93.7035298, 7.1885533], [93.7024838, 7.1879572], [93.7013465, 7.1876458], [93.7004828, 7.1875154], [93.6987542, 7.1871987], [93.6986281, 7.1871615], [93.6985047, 7.187083], [93.6983867, 7.1869832], [93.6982861, 7.1868634], [93.6982003, 7.1867889], [93.6981265, 7.186765], [93.6980353, 7.1867464], [93.6979321, 7.186761], [93.6978771, 7.1868475], [93.6978583, 7.1869592], [93.6978449, 7.187099], [93.6977912, 7.1871788], [93.6976223, 7.1872427], [93.697409, 7.1872121], [93.6970791, 7.1871242], [93.6962557, 7.1871482], [93.6954778, 7.1873345], [93.6951318, 7.1874196], [93.6944425, 7.1876432], [93.6940831, 7.1877203], [93.6937049, 7.187896], [93.6935198, 7.1881541], [93.6934099, 7.1884309], [93.6933723, 7.1887289], [93.6933804, 7.1887901], [93.6934233, 7.1888367], [93.6936197, 7.1888852], [93.6936472, 7.1889092], [93.69367, 7.1889484], [93.6936633, 7.188997], [93.6936338, 7.1890456], [93.693493, 7.1891214], [93.6933783, 7.1891913], [93.6933106, 7.1892651], [93.6930531, 7.1897242], [93.6928117, 7.1901978], [93.6926079, 7.1905917], [93.6925274, 7.1908405], [93.6924684, 7.1911026], [93.6923718, 7.1914007], [93.6922699, 7.1916694], [93.6921814, 7.1917599], [93.6920741, 7.1917918], [93.6920097, 7.1917439], [93.6919883, 7.1915923], [93.6919937, 7.1912862], [93.6919749, 7.1909696], [93.6918837, 7.190746], [93.6917576, 7.190613], [93.6913392, 7.1902457], [93.6908001, 7.1898439], [93.6904058, 7.1896257], [93.6898693, 7.1894953], [93.6894107, 7.1893702], [93.6888742, 7.1893037], [93.688783, 7.189325], [93.6887334, 7.1893955], [93.688661, 7.1896363], [93.6885913, 7.1898426], [93.6884531, 7.1899064], [93.6882077, 7.1899144], [93.6878818, 7.1898333], [93.6875506, 7.1897588], [93.6873119, 7.1896204], [93.6871684, 7.1894674], [93.6870423, 7.189305], [93.6869082, 7.1890788], [93.6867231, 7.1890296], [93.6865997, 7.1890496], [93.686479, 7.1891148], [93.6862671, 7.189325], [93.6860606, 7.1893889], [93.6858863, 7.189309], [93.6857307, 7.1890961], [93.685618, 7.1888566], [93.6855027, 7.1886358], [93.6854678, 7.1884708], [93.685492, 7.1883084], [93.6855134, 7.1881355], [93.6854893, 7.1879838], [93.6853927, 7.1876139], [93.6852935, 7.1873265], [93.684926, 7.1866053], [93.6846176, 7.1860917], [93.6844942, 7.1856659], [93.6845478, 7.1852348], [93.6846444, 7.1849527], [93.6847356, 7.1845376], [93.6847088, 7.1842582], [93.6845773, 7.1838111], [93.6842072, 7.1832709], [93.683888, 7.1829116], [93.683424, 7.1825178], [93.6831719, 7.1822464], [93.6830297, 7.1821053], [93.6828527, 7.1819989], [93.6824959, 7.1819616], [93.6818978, 7.1817141], [93.6814955, 7.1814666], [93.6814338, 7.1813455], [93.6814405, 7.1812511], [93.6814687, 7.1812125], [93.6815488, 7.1811593], [93.6815585, 7.1811433], [93.6815575, 7.1811217], [93.6815438, 7.1810947], [93.681061, 7.1807348], [93.6804816, 7.1800935], [93.6800551, 7.1795399], [93.6795697, 7.1789199], [93.6789474, 7.178401], [93.6786684, 7.1781535], [93.6784029, 7.1780523], [93.6781159, 7.178063], [93.6778101, 7.1781215], [93.6776304, 7.178196], [93.6774293, 7.1784143], [93.6772388, 7.1785793], [93.6771074, 7.1786884], [93.6770484, 7.1786963], [93.6770296, 7.1786511], [93.6770457, 7.1785553], [93.6770779, 7.1783717], [93.6770672, 7.1782306], [93.6770055, 7.1780044], [93.6767668, 7.1775973], [93.6765951, 7.1773045], [93.6763671, 7.1768096], [93.676182, 7.1763332], [93.6760479, 7.1758728], [93.6760399, 7.1755881], [93.6760479, 7.175439], [93.6760855, 7.1753246], [93.6761914, 7.175137], [93.6778203, 7.1740724], [93.6788309, 7.1730698], [93.6800941, 7.1716494], [93.681273, 7.1702289], [93.6837994, 7.1675552], [93.6850626, 7.1663019], [93.6856521, 7.1658005], [93.6870837, 7.1656334], [93.6896943, 7.1652992], [93.691547, 7.1645472], [93.6942418, 7.164213], [93.6967682, 7.1635446], [93.6987051, 7.1615392], [93.6995472, 7.1599517], [93.6990419, 7.1593668], [93.6985367, 7.1586148], [93.6977787, 7.1571943], [93.6979472, 7.1553561], [93.6975261, 7.1527658], [93.6968524, 7.1497577], [93.6963471, 7.1474181], [93.6951681, 7.1426552], [93.6944102, 7.1385608], [93.6932313, 7.1358033], [93.692726, 7.1341321], [93.6918838, 7.1330458], [93.6907891, 7.1320431], [93.6896101, 7.1308732], [93.6888522, 7.1297034], [93.6877574, 7.1297869], [93.6864942, 7.1295362], [93.6848942, 7.1292856], [93.6831257, 7.127865], [93.6813573, 7.126528], [93.6786624, 7.125776], [93.6766413, 7.1254417], [93.6750413, 7.1233526]]]}}, {"type": "Feature", "properties": {"name": "North Button Island National Park", "authority": "OSM/ODbL", "osm_type": "way"}, "bbox": [93.0633911, 12.3159469, 93.0731249, 12.3186408], "geometry": {"type": "Polygon", "coordinates": [[[93.0633911, 12.3163007], [93.0634609, 12.316264], [93.0635414, 12.3162378], [93.0639249, 12.316319], [93.0644506, 12.3164003], [93.064684, 12.3164736], [93.0650783, 12.316526], [93.0655423, 12.3165758], [93.0660707, 12.3165627], [93.0667144, 12.3165627], [93.0671865, 12.3164815], [93.0676746, 12.316361], [93.0677015, 12.3164265], [93.0678678, 12.316526], [93.0680984, 12.316623], [93.068364, 12.3166178], [93.0691364, 12.3165313], [93.0696487, 12.3163557], [93.0701664, 12.3163295], [93.0703837, 12.3163845], [93.0706921, 12.3164841], [93.0707136, 12.3165601], [93.0711669, 12.3165863], [93.071368, 12.3166361], [93.0715558, 12.3166938], [93.0716175, 12.3166282], [93.0716845, 12.3165103], [93.0718267, 12.3163636], [93.0721325, 12.3160963], [93.0722317, 12.3160779], [93.0723605, 12.3160937], [93.0724624, 12.3160701], [93.0726206, 12.315981], [93.072736, 12.3159469], [93.0728191, 12.3159993], [93.0728567, 12.3161042], [93.0728969, 12.3163426], [93.0729747, 12.3165549], [93.0730873, 12.3167016], [93.0731249, 12.3170475], [93.0729264, 12.3171235], [93.072803, 12.3173096], [93.0726904, 12.3174563], [93.0725241, 12.317493], [93.0723792, 12.3175926], [93.0723336, 12.3176817], [93.0720815, 12.3179673], [93.0717972, 12.3182451], [93.071824, 12.3184573], [93.071824, 12.3186408], [93.0717838, 12.3186408], [93.0716979, 12.3185674], [93.0716014, 12.3185359], [93.0714619, 12.3185045], [93.0711991, 12.3185045], [93.0710274, 12.3184311], [93.0709523, 12.3183001], [93.0708718, 12.3181429], [93.0706894, 12.3180223], [93.0703568, 12.3180276], [93.0700028, 12.3181062], [93.069697, 12.31819], [93.0691981, 12.318363], [93.0687797, 12.3183735], [93.0681118, 12.3184678], [93.0679804, 12.3183997], [93.0678731, 12.318384], [93.0677229, 12.3184364], [93.0675244, 12.3183787], [93.0673259, 12.3179961], [93.0672079, 12.3179647], [93.0668002, 12.3177341], [93.0658829, 12.3173096], [93.0658454, 12.3170947], [93.0655932, 12.3169375], [93.0651051, 12.3168169], [93.064751, 12.3165863], [93.0640322, 12.3164396], [93.0634797, 12.3163767], [93.0633911, 12.3163007]]]}}, {"type": "Feature", "properties": {"name": "Middle Button Island National Park", "authority": "OSM/ODbL", "osm_type": "way"}, "bbox": [93.0221468, 12.2738848, 93.0296436, 12.2795459], "geometry": {"type": "Polygon", "coordinates": [[[93.0221468, 12.275059], [93.0222675, 12.2748572], [93.022517, 12.2746397], [93.0235255, 12.2744038], [93.0239788, 12.2743802], [93.0246252, 12.2743907], [93.0248424, 12.2743723], [93.0253065, 12.2740159], [93.0256042, 12.2738901], [93.0258965, 12.2738848], [93.0264008, 12.2739844], [93.0265778, 12.2741286], [93.0270231, 12.2744011], [93.0276158, 12.2749751], [93.0278894, 12.2752687], [93.02834, 12.2761781], [93.0284929, 12.2773601], [93.028627, 12.2776484], [93.0287907, 12.2778293], [93.0288979, 12.2778869], [93.0290964, 12.2778528], [93.02926, 12.2778371], [93.0295578, 12.2781647], [93.0296436, 12.2786732], [93.0295739, 12.2791423], [93.0293325, 12.2793231], [93.0287129, 12.2793991], [93.0282408, 12.2793913], [93.0279565, 12.2794961], [93.0277848, 12.2795459], [93.027648, 12.279428], [93.0275112, 12.2790873], [93.0270901, 12.2787282], [93.0265188, 12.2783141], [93.025572, 12.2777952], [93.0249363, 12.2775881], [93.0243999, 12.2774073], [93.0242041, 12.277271], [93.0234235, 12.2765057], [93.0223399, 12.2754836], [93.0222139, 12.2752896], [93.0221629, 12.2751691], [93.0221468, 12.275059]]]}}, {"type": "Feature", "properties": {"name": "South Button Island National Park", "authority": "OSM/ODbL", "osm_type": "way"}, "bbox": [93.0197221, 12.2232311, 93.0210927, 12.2241486], "geometry": {"type": "Polygon", "coordinates": [[[93.0197221, 12.2238943], [93.0197248, 12.223661], [93.0197704, 12.2234853], [93.0198508, 12.2233857], [93.0199474, 12.2232704], [93.019997, 12.2232402], [93.0200721, 12.2232311], [93.0203551, 12.223349], [93.0204718, 12.2234539], [93.0205321, 12.2234657], [93.0205844, 12.2234382], [93.0206233, 12.2234971], [93.0206569, 12.2236203], [93.020744, 12.2236728], [93.0210096, 12.2238196], [93.0210391, 12.2239598], [93.0210927, 12.2240489], [93.0210203, 12.2241354], [93.0208862, 12.2241014], [93.0206609, 12.2240385], [93.0203524, 12.2240594], [93.0202237, 12.2241119], [93.0201459, 12.2241486], [93.0200171, 12.224125], [93.0199394, 12.2241145], [93.0198884, 12.2239886], [93.0198401, 12.2239388], [93.0197221, 12.2238943]]]}}, {"type": "Feature", "properties": {"name": "Saddle Peak National Park", "authority": "OSM/ODbL", "osm_type": "relation"}, "bbox": [92.9999649, 13.1249651, 93.0374488, 13.2000579], "geometry": {"type": "Polygon", "coordinates": [[[92.9999649, 13.2000579], [92.9999864, 13.1277862], [93.0311805, 13.1249651], [93.0309418, 13.1253543], [93.0308506, 13.125498], [93.0307621, 13.1256364], [93.0307057, 13.1257174], [93.0306467, 13.1257879], [93.0306065, 13.125848], [93.0305716, 13.1259055], [93.0305234, 13.1259917], [93.0304643, 13.1260962], [93.0303973, 13.1262163], [93.0303517, 13.1263156], [93.0303034, 13.126454], [93.0302685, 13.1265742], [93.0302498, 13.1267074], [93.0302511, 13.1269033], [93.0302457, 13.12703], [93.0302685, 13.1271632], [93.0303436, 13.1273996], [93.0303946, 13.1275433], [93.0304375, 13.1276687], [93.0304724, 13.1278136], [93.0305099, 13.1279808], [93.0306333, 13.1284209], [93.0307071, 13.1287814], [93.0308479, 13.1291993], [93.0311201, 13.1299333], [93.0313294, 13.1303826], [93.0315962, 13.1307823], [93.0317599, 13.1310043], [93.0318524, 13.1311336], [93.0319718, 13.1313451], [93.0320898, 13.1314941], [93.0322185, 13.1316573], [93.0323191, 13.1318388], [93.0323593, 13.1319564], [93.0323902, 13.1320191], [93.0324478, 13.132053], [93.032533, 13.1320896], [93.032596, 13.1321412], [93.0326926, 13.1322483], [93.0327214, 13.1323214], [93.0327174, 13.1323698], [93.0327094, 13.1324468], [93.0326832, 13.1325213], [93.0326611, 13.1325794], [93.0326691, 13.1326577], [93.0328488, 13.1329529], [93.0330607, 13.1331984], [93.0331519, 13.1332716], [93.0333048, 13.1333394], [93.0334697, 13.1334701], [93.0336132, 13.1335746], [93.0337836, 13.1337888], [93.0339807, 13.1340186], [93.0344045, 13.1344992], [93.0344421, 13.1346064], [93.0344729, 13.1347709], [93.0344515, 13.1349054], [93.0344703, 13.1350191], [93.0344984, 13.1351039], [93.0345681, 13.1352254], [93.0346996, 13.1354343], [93.034898, 13.1357112], [93.0349141, 13.1358392], [93.0348819, 13.1359385], [93.0347988, 13.1360638], [93.0347425, 13.136218], [93.0348015, 13.1363563], [93.0349115, 13.1365654], [93.035059, 13.1368044], [93.0351663, 13.1369937], [93.0353352, 13.1371844], [93.0354076, 13.1372941], [93.0354774, 13.1374195], [93.0357027, 13.1377172], [93.035869, 13.1380542], [93.0359629, 13.1382344], [93.0362016, 13.1386471], [93.0364752, 13.1389371], [93.0365368, 13.1390833], [93.0365315, 13.1391617], [93.0364886, 13.1392401], [93.0364269, 13.1393523], [93.0364108, 13.1395013], [93.036443, 13.1396188], [93.0365396, 13.1396971], [93.0366603, 13.1397859], [93.0369043, 13.1399296], [93.0370277, 13.1400262], [93.0370921, 13.140196], [93.0370814, 13.1403371], [93.0370304, 13.1404285], [93.0368856, 13.1405643], [93.0367997, 13.1406662], [93.0366147, 13.1409718], [93.0363331, 13.1414262], [93.0361212, 13.1417266], [93.0360085, 13.1419931], [93.0359844, 13.1420871], [93.0359602, 13.1422308], [93.0359575, 13.1424189], [93.0360107, 13.1426072], [93.0360407, 13.1428211], [93.036046, 13.1432991], [93.0360366, 13.1435041], [93.0360286, 13.1436987], [93.0360259, 13.1437666], [93.0360219, 13.1438449], [93.0359521, 13.1444091], [93.0359468, 13.1447199], [93.0359843, 13.1453886], [93.0359602, 13.1456785], [93.0359307, 13.145796], [93.0359253, 13.1459084], [93.0359602, 13.1460729], [93.0360541, 13.146402], [93.0361158, 13.1465561], [93.0361962, 13.1468199], [93.036266, 13.1477001], [93.0362767, 13.1478281], [93.0362713, 13.1479143], [93.0362043, 13.1482878], [93.0361855, 13.1483583], [93.0361345, 13.1484289], [93.0360943, 13.1485072], [93.0360782, 13.1486274], [93.0360755, 13.149249], [93.0361184, 13.1495468], [93.0361801, 13.1497609], [93.0362029, 13.1498614], [93.0362029, 13.1499947], [93.0361815, 13.1501096], [93.0361198, 13.1502349], [93.0360528, 13.1502885], [93.035987, 13.1503068], [93.0357429, 13.1503852], [93.0356785, 13.1504844], [93.0356464, 13.1506307], [93.0356276, 13.1507979], [93.0356196, 13.1509311], [93.0356624, 13.1512053], [93.0358127, 13.1516206], [93.035869, 13.1517903], [93.0358717, 13.1519392], [93.0358019, 13.1521873], [93.0356759, 13.1524302], [93.0355042, 13.1527567], [93.0352789, 13.1531015], [93.0351046, 13.1533914], [93.0350831, 13.1534724], [93.0349832, 13.1537179], [93.034959, 13.1537956], [93.0349195, 13.1539399], [93.0348578, 13.1541384], [93.0347505, 13.154329], [93.0346151, 13.1545759], [93.0345413, 13.1546477], [93.0344126, 13.1547287], [93.0343482, 13.1548436], [93.0342838, 13.1549977], [93.0342489, 13.1551439], [93.0342355, 13.1553294], [93.0341095, 13.155648], [93.0340612, 13.1560842], [93.0340478, 13.1565569], [93.0338117, 13.1580979], [93.033734, 13.1584479], [93.0336803, 13.1585941], [93.0336615, 13.1586751], [93.0336401, 13.1587796], [93.0336267, 13.1589728], [93.0336857, 13.1594456], [93.0337286, 13.1595918], [93.0337554, 13.159712], [93.0337501, 13.1599052], [93.0337045, 13.1601455], [93.0336776, 13.1604406], [93.0336723, 13.1607253], [93.0337125, 13.160997], [93.0337635, 13.1611876], [93.0338252, 13.1614462], [93.0338466, 13.1617753], [93.0338815, 13.1621174], [93.0338922, 13.1625692], [93.0338815, 13.1631908], [93.0339137, 13.1635669], [93.0339378, 13.164071], [93.0340156, 13.1645568], [93.034088, 13.1648388], [93.0341256, 13.1650321], [93.0342972, 13.1654526], [93.0343536, 13.1655753], [93.0345601, 13.1659357], [93.0346352, 13.1660428], [93.0346942, 13.1661368], [93.0347371, 13.1662596], [93.0347881, 13.1664294], [93.0348149, 13.1665756], [93.0348578, 13.1667715], [93.0349772, 13.1670065], [93.035236, 13.1675054], [93.0353728, 13.1678109], [93.035464, 13.1679076], [93.0356625, 13.1680408], [93.0359387, 13.1682366], [93.0364135, 13.1686232], [93.0365959, 13.1687877], [93.0368185, 13.1690201], [93.0370223, 13.1693701], [93.0373469, 13.1702058], [93.0374166, 13.1705323], [93.0374354, 13.1707909], [93.0374488, 13.1710311], [93.0374059, 13.1713001], [93.0373201, 13.1715117], [93.0372691, 13.1716762], [93.0371216, 13.1720941], [93.0370358, 13.1722821], [93.0369768, 13.172431], [93.036899, 13.1725328], [93.0367863, 13.1726895], [93.036679, 13.1728671], [93.0365825, 13.1730081], [93.036502, 13.1731648], [93.0364001, 13.1733372], [93.0361962, 13.173567], [93.0360568, 13.1737733], [93.0359173, 13.1739379], [93.0358422, 13.1740606], [93.035641, 13.1743662], [93.035574, 13.1744915], [93.035523, 13.1746091], [93.0354506, 13.174737], [93.0353567, 13.174865], [93.0352628, 13.1750217], [93.0351475, 13.1751392], [93.0350643, 13.1752045], [93.0349651, 13.1752829], [93.0348498, 13.175356], [93.0346888, 13.1754735], [93.0344528, 13.1756824], [93.0339754, 13.1760794], [93.0336777, 13.1763406], [93.0333772, 13.1766174], [93.0328166, 13.177158], [93.0325136, 13.1773199], [93.032138, 13.1774531], [93.0319959, 13.177602], [93.0319449, 13.1777848], [93.0319154, 13.1779937], [93.0319154, 13.178119], [93.0319288, 13.1782653], [93.0319583, 13.1784377], [93.0320951, 13.178785], [93.0322775, 13.1792446], [93.0323687, 13.1796494], [93.0325028, 13.1801952], [93.0326021, 13.1804956], [93.0327013, 13.1807045], [93.0328381, 13.1808795], [93.0328944, 13.1809787], [93.0329239, 13.181044], [93.0329347, 13.1811119], [93.0329159, 13.1811589], [93.0328462, 13.1812164], [93.0327845, 13.1812973], [93.0327255, 13.1814044], [93.0326933, 13.1815454], [93.0326879, 13.1816734], [93.0327576, 13.1817857], [93.0328672, 13.1818972], [93.0329186, 13.1820364], [93.0329561, 13.1823158], [93.0329695, 13.1825012], [93.0329856, 13.1826814], [93.0329937, 13.1828277], [93.0330101, 13.1832129], [93.0330895, 13.1836695], [93.0331466, 13.1839898], [93.0332082, 13.1841778], [93.0332834, 13.1843476], [93.0333424, 13.1844625], [93.033342, 13.1999884], [92.9999649, 13.2000579]]]}}, {"type": "Feature", "properties": {"name": "Gulf of Mannar Marine National Park", "authority": "OSM/ODbL", "osm_type": "relation"}, "bbox": [78.1916786, 8.8166547, 79.2414665, 9.2564777], "geometry": {"type": "MultiPolygon", "coordinates": [[[[78.1916786, 8.8166547], [78.2416633, 8.8166692], [78.308336, 8.9250083], [78.2625639, 8.9748958], [78.2240713, 8.9448494], [78.1916786, 8.8166547]]], [[[78.4631859, 9.1061664], [78.4715998, 9.0573134], [78.6055537, 9.0898021], [78.5814664, 9.1241756], [78.4631859, 9.1061664]], [[78.53497, 9.1025973], [78.5349915, 9.10278], [78.5351282, 9.1030131], [78.5352822, 9.1031946], [78.5354662, 9.1034183], [78.5358195, 9.1036912], [78.5361502, 9.1039612], [78.5364988, 9.1041625], [78.5368368, 9.1042738], [78.5371721, 9.1043744], [78.5373625, 9.1044909], [78.5375941, 9.1046977], [78.5378453, 9.1050842], [78.5379177, 9.105447], [78.5380411, 9.1056085], [78.5382986, 9.1057966], [78.538548, 9.1058151], [78.538768, 9.1057939], [78.5389477, 9.105733], [78.5390711, 9.1056801], [78.539173, 9.1055582], [78.5391837, 9.1054046], [78.5391784, 9.1052775], [78.5389772, 9.1048988], [78.5386983, 9.1047293], [78.5385615, 9.1045916], [78.5384381, 9.1043029], [78.53843, 9.104038], [78.5380963, 9.1032105], [78.5379873, 9.103067], [78.5367134, 9.1024543], [78.5363594, 9.102298], [78.5360332, 9.1022538], [78.5354421, 9.1021603], [78.5351819, 9.1022186], [78.5350424, 9.1023563], [78.53497, 9.1025973]]], [[[78.6782944, 9.1637331], [78.6850427, 9.1160044], [78.7589257, 9.1170131], [78.8653561, 9.155655], [78.8835522, 9.1665012], [78.9972102, 9.1740711], [78.9987569, 9.2200714], [78.8945385, 9.215305], [78.8608929, 9.1953098], [78.6782944, 9.1637331]]], [[[79.0387341, 9.218355], [79.0411374, 9.1763303], [79.1805264, 9.190565], [79.1746899, 9.2190328], [79.0933224, 9.2315714], [79.0387341, 9.218355]]], [[[79.1711281, 9.2539363], [79.1781234, 9.2100518], [79.2414665, 9.2388145], [79.2414665, 9.2497852], [79.2164468, 9.2514795], [79.2052458, 9.2552917], [79.1880797, 9.2564777], [79.1711281, 9.2539363]]]]}}, {"type": "Feature", "properties": {"name": "Bhitarkanika National Park", "authority": "OSM/ODbL", "osm_type": "relation"}, "bbox": [86.822951, 20.5666133, 87.0455468, 20.7582021], "geometry": {"type": "MultiPolygon", "coordinates": [[[[86.822951, 20.7126803], [86.8229527, 20.7111353], [86.8236393, 20.7095908], [86.8252817, 20.7094634], [86.8261033, 20.7089491], [86.8280196, 20.7085653], [86.8281581, 20.7067626], [86.827885, 20.7062474], [86.8277518, 20.7034144], [86.8293942, 20.7031585], [86.8299427, 20.702129], [86.8313118, 20.7014861], [86.8324066, 20.7013589], [86.8325459, 20.6987837], [86.8322728, 20.6982683], [86.8324112, 20.6972385], [86.8367909, 20.69647], [86.8366586, 20.6918346], [86.8373443, 20.6908051], [86.8381655, 20.6906766], [86.8389869, 20.6901623], [86.8409033, 20.6893916], [86.8439145, 20.6886218], [86.8441883, 20.6883644], [86.848294, 20.6877248], [86.8496656, 20.6843782], [86.8529498, 20.6839943], [86.8540451, 20.6832226], [86.8576503, 20.6809085], [86.858232, 20.6827786], [86.8577986, 20.6831624], [86.8579221, 20.6841442], [86.8600056, 20.6867864], [86.8627835, 20.6898184], [86.8646355, 20.6909012], [86.8684938, 20.6911178], [86.8707316, 20.6921284], [86.8733553, 20.69581], [86.8760561, 20.6981921], [86.883001, 20.702451], [86.8858561, 20.7065654], [86.8855475, 20.7095248], [86.8837727, 20.712051], [86.880428, 20.7140175], [86.8811093, 20.7183959], [86.8816565, 20.7187822], [86.8841204, 20.7181404], [86.8846687, 20.7168533], [86.8852163, 20.7168537], [86.8852166, 20.7163384], [86.8857644, 20.7159521], [86.8890488, 20.7159542], [86.8895962, 20.7160839], [86.8900059, 20.7165991], [86.8904159, 20.7181445], [86.8909632, 20.7182732], [86.8917838, 20.7190462], [86.8936993, 20.7196919], [86.8938352, 20.7204645], [86.8927398, 20.7212364], [86.8923291, 20.7220086], [86.8931501, 20.7222666], [86.8938345, 20.7214946], [86.8947944, 20.719435], [86.8953418, 20.7194352], [86.8945219, 20.7176321], [86.8950694, 20.7176323], [86.898214, 20.7214972], [86.8982132, 20.7225272], [86.8997173, 20.7256185], [86.903822, 20.7274235], [86.9038228, 20.7261358], [86.9046441, 20.7258788], [86.904643, 20.7276815], [86.9057379, 20.7278104], [86.9062856, 20.7274248], [86.9065589, 20.7281974], [86.9076534, 20.7287132], [86.9077902, 20.7281982], [86.906833, 20.7276826], [86.9065599, 20.7266524], [86.9087494, 20.7271685], [86.9086124, 20.7263959], [86.9064236, 20.7248497], [86.9062877, 20.724077], [86.9076559, 20.7247212], [86.9087507, 20.7248508], [86.9087513, 20.7238208], [86.908204, 20.7236913], [86.9064253, 20.7220169], [86.9068373, 20.7204719], [86.9072905, 20.7205599], [86.9073843, 20.7212449], [86.9092996, 20.7226618], [86.9106681, 20.7226626], [86.9125835, 20.7238228], [86.91012, 20.7236922], [86.9097086, 20.7243364], [86.9097084, 20.7248514], [86.9108025, 20.7261396], [86.9109395, 20.7266546], [86.9125816, 20.7271706], [86.9125812, 20.7279432], [86.9139498, 20.7279438], [86.9139494, 20.7287164], [86.9131282, 20.7287161], [86.9131278, 20.7294887], [86.9120327, 20.7294881], [86.9120327, 20.7297455], [86.9128536, 20.7303893], [86.9136746, 20.7305189], [86.9131267, 20.7315488], [86.913674, 20.731549], [86.9139475, 20.7320642], [86.9125787, 20.7320636], [86.9128519, 20.7333513], [86.9142204, 20.7334804], [86.9150418, 20.7330948], [86.9168125, 20.748032], [86.9158534, 20.7508644], [86.9163066, 20.7509523], [86.9164007, 20.7511222], [86.9153054, 20.7513792], [86.9137953, 20.758074], [86.9133852, 20.7582021], [86.9103743, 20.756913], [86.9057201, 20.7566529], [86.9054465, 20.7563953], [86.9040775, 20.7563945], [86.8999715, 20.755362], [86.8972336, 20.7553605], [86.8953176, 20.7548444], [86.8928534, 20.7548428], [86.8851134, 20.7535043], [86.882451, 20.7532908], [86.8821773, 20.7530332], [86.8770563, 20.7529403], [86.8756066, 20.7532861], [86.8747766, 20.7534862], [86.8739285, 20.753703], [86.8702643, 20.7527935], [86.8688641, 20.752705], [86.8672752, 20.7528607], [86.8651954, 20.7513065], [86.8637252, 20.750243], [86.8624503, 20.7493747], [86.862743, 20.7487701], [86.8636316, 20.7486011], [86.8645934, 20.7476848], [86.8652084, 20.7472269], [86.8657054, 20.7469185], [86.8661881, 20.7465915], [86.8660303, 20.7464548], [86.8669904, 20.7436229], [86.8676763, 20.7425934], [86.8682238, 20.7425938], [86.8691838, 20.7397618], [86.8691862, 20.736929], [86.869736, 20.7343541], [86.8693259, 20.7342246], [86.8686404, 20.735126], [86.8682263, 20.739761], [86.8679524, 20.7397608], [86.8676827, 20.7351252], [86.8674091, 20.735125], [86.8672671, 20.7402753], [86.8658952, 20.7438795], [86.8653314, 20.7447964], [86.8643881, 20.7459385], [86.8634044, 20.7464681], [86.8628806, 20.7474824], [86.8623013, 20.7482223], [86.8589447, 20.7498923], [86.8580876, 20.7501821], [86.8567183, 20.750696], [86.8556232, 20.7506952], [86.8552129, 20.7497939], [86.8530247, 20.7477319], [86.8524784, 20.7464439], [86.8516576, 20.7459281], [86.8504287, 20.7433518], [86.8482388, 20.7432207], [86.8455004, 20.7439908], [86.8446782, 20.7447625], [86.8441307, 20.7448912], [86.8439927, 20.7454063], [86.8416639, 20.7475926], [86.8405684, 20.7481067], [86.8391995, 20.7481054], [86.8385155, 20.7472038], [86.8367417, 20.7423093], [86.8348251, 20.7426932], [86.8329088, 20.7426915], [86.8316784, 20.7407591], [86.8314104, 20.7356085], [86.8303186, 20.7327746], [86.8300451, 20.7325168], [86.8300477, 20.7301991], [86.8286822, 20.7273651], [86.8281354, 20.7268495], [86.8282736, 20.726077], [86.8290946, 20.7262061], [86.8296423, 20.7259491], [86.8326533, 20.7260814], [86.8330646, 20.7250517], [86.8327933, 20.7227336], [86.8314272, 20.7204146], [86.830607, 20.7196412], [86.8301986, 20.7180958], [86.8285565, 20.7178366], [86.8282836, 20.717192], [86.8274624, 20.7171912], [86.8269145, 20.7177057], [86.8258196, 20.7177045], [86.8243148, 20.7168022], [86.8237693, 20.714999], [86.8232245, 20.7129381], [86.822951, 20.7126803]]], [[[86.823796, 20.5736174], [86.8244821, 20.5710428], [86.8250296, 20.5705283], [86.8247593, 20.5676952], [86.8248376, 20.5666133], [86.8265411, 20.5677621], [86.8264785, 20.5692422], [86.8287196, 20.5723346], [86.8309058, 20.5736244], [86.8314539, 20.5725949], [86.8322742, 20.572724], [86.8336403, 20.5737553], [86.8355541, 20.5740148], [86.8369203, 20.5750462], [86.8404739, 20.5763371], [86.8418402, 20.5773684], [86.8426607, 20.5773692], [86.84594, 20.5794323], [86.8505862, 20.5822692], [86.8519532, 20.5826572], [86.8524992, 20.5836878], [86.8533189, 20.5843318], [86.8535915, 20.5853622], [86.8534539, 20.5857489], [86.8537272, 20.5860065], [86.8535901, 20.5867791], [86.8582384, 20.587813], [86.8591938, 20.5891014], [86.8606962, 20.591678], [86.8615164, 20.5918069], [86.8617897, 20.5921938], [86.8620632, 20.5921942], [86.8620634, 20.5919366], [86.8618831, 20.5918479], [86.8617907, 20.5911637], [86.8647978, 20.5923246], [86.8675306, 20.594902], [86.8680776, 20.5950316], [86.8690333, 20.5960624], [86.8694429, 20.5973503], [86.8699897, 20.5977366], [86.8732711, 20.5985117], [86.8740915, 20.5983839], [86.8742274, 20.5988991], [86.8738171, 20.5996714], [86.8754586, 20.5991575], [86.8766876, 20.6004461], [86.8768245, 20.6009611], [86.8779178, 20.6018628], [86.8795586, 20.6022507], [86.8799679, 20.6027661], [86.8799677, 20.6030237], [86.8795576, 20.6034092], [86.874634, 20.6041783], [86.8742229, 20.6045646], [86.8742223, 20.6050798], [86.8744956, 20.6053374], [86.8744952, 20.6058524], [86.8732639, 20.6071392], [86.8732637, 20.6073968], [86.8735372, 20.607397], [86.8736304, 20.6072272], [86.8751783, 20.6073981], [86.8753148, 20.6071407], [86.8751789, 20.6066256], [86.875726, 20.606626], [86.8760003, 20.6055962], [86.8768211, 20.6052098], [86.8781887, 20.6052108], [86.8801029, 20.6058564], [86.8801033, 20.6053414], [86.8825648, 20.6053431], [86.8836563, 20.6086918], [86.8842034, 20.6086922], [86.8840656, 20.609207], [86.8844758, 20.6102374], [86.8850227, 20.6102378], [86.8848853, 20.6104952], [86.8850216, 20.6117829], [86.8855684, 20.6120409], [86.8852972, 20.6089503], [86.8847502, 20.60895], [86.8848868, 20.6084349], [86.8844775, 20.6079197], [86.8852977, 20.6081777], [86.8852983, 20.6076627], [86.8860248, 20.6074933], [86.8861186, 20.6079209], [86.8872125, 20.608179], [86.8872112, 20.6099817], [86.8874845, 20.6101102], [86.8888523, 20.6098536], [86.8896729, 20.6099832], [86.8899456, 20.6110137], [86.8910394, 20.6115292], [86.8910384, 20.6128169], [86.891585, 20.6133323], [86.8904909, 20.6135892], [86.8904905, 20.6141042], [86.8910375, 20.6142329], [86.8924053, 20.6138479], [86.8921323, 20.6130753], [86.8916784, 20.6129862], [86.8915856, 20.6125599], [86.8932265, 20.6130758], [86.8933618, 20.6143635], [86.8927101, 20.61514], [86.8929247, 20.6153131], [86.8924039, 20.6157789], [86.8913102, 20.6153924], [86.8913094, 20.6164225], [86.8914888, 20.6165103], [86.8914455, 20.6166801], [86.8902144, 20.6175803], [86.8899409, 20.6175801], [86.8892577, 20.6161637], [86.8885746, 20.6156481], [86.8886697, 20.6165175], [86.8884444, 20.6172054], [86.8889815, 20.6197689], [86.8893917, 20.6205417], [86.8899386, 20.6207997], [86.8899392, 20.6200271], [86.8902127, 20.6200273], [86.8903486, 20.6205423], [86.8902121, 20.6207997], [86.893493, 20.6232478], [86.8975952, 20.6244098], [86.8978683, 20.6251824], [86.8986889, 20.625183], [86.8986886, 20.625698], [86.8992359, 20.6254408], [86.8992355, 20.6259558], [86.8986884, 20.6260838], [86.8829443, 20.6367275], [86.8848638, 20.6390807], [86.8851369, 20.6398535], [86.8862304, 20.6408844], [86.8863673, 20.6413994], [86.8874614, 20.6416577], [86.8886908, 20.6432036], [86.8888277, 20.6437188], [86.8904688, 20.6444924], [86.8911516, 20.6452654], [86.8929277, 20.6491295], [86.8964829, 20.6513202], [86.8992191, 20.6509359], [86.8992195, 20.6504209], [86.901135, 20.6499068], [86.9015451, 20.649392], [86.9016835, 20.6478469], [86.902778, 20.6477184], [86.9030513, 20.647976], [86.9044194, 20.647591], [86.9044189, 20.6486211], [86.9060603, 20.6488796], [86.9063344, 20.6481072], [86.9077025, 20.6475927], [86.9082505, 20.646563], [86.9087978, 20.6461765], [86.9096186, 20.6460486], [86.9101664, 20.6450189], [86.9118078, 20.645148], [86.9263094, 20.6419361], [86.9263098, 20.6409061], [86.9279514, 20.6407776], [86.9293187, 20.6420658], [86.9301393, 20.6421953], [86.9300017, 20.6429679], [86.9295916, 20.6433534], [86.9287708, 20.6434823], [86.9287702, 20.6450274], [86.9306853, 20.6447708], [86.9312332, 20.6432259], [86.9323275, 20.643097], [86.9353359, 20.6456734], [86.9405328, 20.6487657], [86.9487397, 20.6509577], [86.948876, 20.6512153], [86.9487394, 20.6522453], [86.9517488, 20.6525037], [86.9520227, 20.6517312], [86.9528437, 20.6510871], [86.9543423, 20.6507892], [86.955847, 20.6517009], [86.9588095, 20.6534917], [86.9598184, 20.6568838], [86.9605025, 20.657914], [86.9610499, 20.6576566], [86.9610497, 20.6581716], [86.9615968, 20.6583001], [86.9629646, 20.6593306], [86.9654271, 20.6597178], [86.9657006, 20.6604905], [86.9689835, 20.6626795], [86.9725403, 20.6635819], [86.9725403, 20.6630669], [86.9747293, 20.6635823], [86.9749379, 20.6628295], [86.9761312, 20.6635508], [86.9789695, 20.666158], [86.9791067, 20.6666732], [86.9802011, 20.6670591], [86.9829372, 20.669377], [86.983758, 20.6695065], [86.983758, 20.6689913], [86.9856734, 20.6704075], [86.9867679, 20.6702793], [86.9867679, 20.6707944], [86.9875887, 20.6711803], [86.9908404, 20.6730445], [86.9919548, 20.6737764], [86.9910083, 20.6749149], [86.9910083, 20.6767176], [86.9921028, 20.6777479], [86.9927873, 20.6792929], [86.9936081, 20.6799365], [86.996071, 20.6807091], [86.9968918, 20.6812241], [86.9977129, 20.6809667], [86.9996284, 20.6808384], [86.999902, 20.6800658], [87.0004494, 20.6796791], [87.0012796, 20.679938], [87.0040476, 20.6816544], [87.0081246, 20.6844347], [87.0096373, 20.6855589], [87.011193, 20.6865626], [87.0121801, 20.6870042], [87.0128238, 20.6873455], [87.013253, 20.6877671], [87.0145263, 20.6889283], [87.0158493, 20.6899551], [87.0166755, 20.6903465], [87.0181882, 20.6913], [87.0189071, 20.6922134], [87.0197546, 20.692926], [87.0226192, 20.6945419], [87.0244646, 20.6958366], [87.0254195, 20.6967299], [87.0268357, 20.6977235], [87.0281124, 20.6985264], [87.0293999, 20.698978], [87.030462, 20.6997709], [87.0314169, 20.7006942], [87.0328867, 20.7019487], [87.0336485, 20.7026211], [87.0344746, 20.703133], [87.0358372, 20.7039559], [87.0369315, 20.7047287], [87.0394313, 20.7061036], [87.040633, 20.7068563], [87.0422208, 20.7075086], [87.0440769, 20.7084821], [87.0455468, 20.7091143], [87.0440555, 20.710424], [87.0432669, 20.7103035], [87.0423388, 20.7101279], [87.0389593, 20.7087229], [87.0381331, 20.708191], [87.0368993, 20.7068864], [87.0364916, 20.7064749], [87.0355475, 20.7059832], [87.0339167, 20.7055817], [87.0321143, 20.7054814], [87.0313096, 20.7054613], [87.0302689, 20.7053108], [87.0286703, 20.703986], [87.0257306, 20.702591], [87.0248079, 20.7021996], [87.0240998, 20.7014469], [87.0231879, 20.700905], [87.0228445, 20.7006641], [87.0222276, 20.7005838], [87.021144, 20.7008849], [87.0197171, 20.7015372], [87.0191216, 20.7015774], [87.0173943, 20.7007243], [87.0153773, 20.6997508], [87.0128453, 20.698697], [87.0099243, 20.6992741], [87.0070302, 20.6998374], [87.0049649, 20.7002677], [86.9995576, 20.7007594], [86.9950515, 20.7013967], [86.9913974, 20.7019696], [86.9842207, 20.7032032], [86.9796395, 20.7043022], [86.9787222, 20.7043875], [86.9777942, 20.7047538], [86.9734704, 20.7072527], [86.9714695, 20.7080004], [86.9699353, 20.7084118], [86.9677573, 20.7088233], [86.9639861, 20.7089236], [86.956594, 20.7091846], [86.9478285, 20.7104491], [86.944803, 20.7110512], [86.9398463, 20.711854], [86.9364023, 20.7118038], [86.932143, 20.7109408], [86.9240427, 20.7076391], [86.9191933, 20.7055215], [86.9118118, 20.7023702], [86.9080138, 20.7009752], [86.9037974, 20.6988375], [86.9015872, 20.6972016], [86.8991089, 20.6948129], [86.8934977, 20.689373], [86.8858051, 20.6824975], [86.880902, 20.6776695], [86.8879847, 20.6741062], [86.8878472, 20.6746212], [86.8868891, 20.6756507], [86.8868887, 20.6761657], [86.8871624, 20.6761659], [86.8872558, 20.6757386], [86.8877099, 20.6756513], [86.8885325, 20.6735916], [86.8929118, 20.67192], [86.8937326, 20.6720497], [86.8940059, 20.6725649], [86.8926375, 20.6728216], [86.8919519, 20.6743663], [86.8920885, 20.6751391], [86.8934561, 20.6760408], [86.8964657, 20.6765575], [86.8978343, 20.6761725], [86.8981087, 20.6748851], [86.8989297, 20.6748856], [86.8998861, 20.6761739], [86.899475, 20.6777187], [86.9000222, 20.6781049], [86.9008426, 20.6788779], [86.9022106, 20.6791362], [86.9052193, 20.6814557], [86.9057664, 20.6815851], [86.9056296, 20.6810701], [86.9039883, 20.6800391], [86.9018008, 20.6774625], [86.9016649, 20.6766898], [86.9041269, 20.6778497], [86.9049473, 20.6786227], [86.9068624, 20.6793963], [86.908778, 20.6795265], [86.9091881, 20.6790117], [86.9090531, 20.676694], [86.907138, 20.6761778], [86.9068638, 20.6773362], [86.9060427, 20.6772073], [86.9052231, 20.6754043], [86.9039915, 20.6748885], [86.9038558, 20.6738584], [86.9033087, 20.6737288], [86.9024884, 20.6726982], [86.9019413, 20.6725696], [86.9013947, 20.6712816], [86.901942, 20.671282], [86.9019424, 20.670767], [86.9030365, 20.6712825], [86.9030369, 20.6707675], [86.904131, 20.6712833], [86.9041314, 20.6707681], [86.9044051, 20.6707683], [86.9046776, 20.6723137], [86.9065924, 20.6736023], [86.9067288, 20.6733449], [86.9065929, 20.6725723], [86.9071403, 20.6725725], [86.9070053, 20.6687095], [86.9065956, 20.6683226], [86.9019443, 20.6678049], [86.901259, 20.6689639], [86.9011219, 20.6699939], [86.9003009, 20.670251], [86.9000282, 20.6689631], [86.8994809, 20.6688337], [86.8981144, 20.6663869], [86.8920949, 20.6659964], [86.8899057, 20.6663818], [86.8896315, 20.6672825], [86.8871688, 20.6674101], [86.8874434, 20.6661227], [86.8888124, 20.6649643], [86.8893597, 20.6648363], [86.8905914, 20.6635494], [86.8905918, 20.6630344], [86.8900454, 20.6617464], [86.888952, 20.6602005], [86.8889541, 20.6573678], [86.8897759, 20.6560807], [86.8897765, 20.6553081], [86.8893671, 20.6545353], [86.887589, 20.6535039], [86.8863605, 20.6505411], [86.8841722, 20.6498962], [86.8840352, 20.6493812], [86.8822586, 20.6479632], [86.8808906, 20.6479622], [86.8796595, 20.6473179], [86.8796604, 20.6460304], [86.8776103, 20.6443546], [86.875696, 20.6435806], [86.8748751, 20.6435801], [86.8737816, 20.6428067], [86.8721401, 20.6428053], [86.8696784, 20.6421603], [86.8689948, 20.6411297], [86.8687268, 20.6346912], [86.8665436, 20.628509], [86.8661345, 20.627736], [86.8655873, 20.6277356], [86.8653148, 20.6267052], [86.8647678, 20.6265757], [86.8634015, 20.6247719], [86.861761, 20.623998], [86.8610774, 20.6230966], [86.860947, 20.6166583], [86.8568453, 20.615238], [86.8532896, 20.6149776], [86.8524694, 20.614591], [86.8517871, 20.6125302], [86.8519258, 20.6109851], [86.8513788, 20.6109847], [86.8511063, 20.6099543], [86.8486442, 20.6103382], [86.847277, 20.6099511], [86.8452294, 20.6058288], [86.845094, 20.6047986], [86.8456412, 20.604799], [86.845779, 20.6032541], [86.8461906, 20.6022242], [86.8475584, 20.6020963], [86.8489252, 20.6027417], [86.8487479, 20.5999592], [86.8482447, 20.5991358], [86.8478357, 20.5982337], [86.8440075, 20.5974576], [86.8419572, 20.5960398], [86.8414116, 20.5947517], [86.8412836, 20.5867682], [86.8371819, 20.5862494], [86.8369101, 20.5847039], [86.8363632, 20.5847033], [86.8359546, 20.5826429], [86.8336321, 20.5812237], [86.8317179, 20.5812218], [86.8306236, 20.5814782], [86.8302137, 20.5808345], [86.8298071, 20.5780014], [86.8292602, 20.5780008], [86.8289878, 20.5769704], [86.828441, 20.5769698], [86.8283044, 20.5764546], [86.8273486, 20.575552], [86.8268019, 20.5754231], [86.8265291, 20.5747786], [86.8257089, 20.5747776], [86.8246163, 20.5737464], [86.823796, 20.5736174]]]]}}, {"type": "Feature", "properties": {"name": "Pirotan Island", "authority": "OSM/ODbL", "osm_type": "way"}, "bbox": [69.9487147, 22.5954446, 69.9634159, 22.6048816], "geometry": {"type": "Polygon", "coordinates": [[[69.9487147, 22.6007686], [69.9487549, 22.6006498], [69.9488488, 22.6005408], [69.9489963, 22.6004542], [69.9491492, 22.6003477], [69.9492967, 22.6002263], [69.9497688, 22.5998821], [69.949868, 22.5997063], [69.9499404, 22.5994389], [69.9500585, 22.5990947], [69.9502408, 22.598857], [69.9506539, 22.5985153], [69.9510241, 22.5979853], [69.9514854, 22.5975], [69.9519467, 22.5970047], [69.9523222, 22.596658], [69.9531054, 22.596351], [69.9534273, 22.5961727], [69.9537277, 22.5960241], [69.9539691, 22.5959251], [69.9542534, 22.5958409], [69.9544197, 22.5957369], [69.954645, 22.5956527], [69.9550098, 22.5955239], [69.9553424, 22.5954645], [69.9555999, 22.5954446], [69.9558735, 22.5954843], [69.9560451, 22.5955288], [69.9562168, 22.5956081], [69.9564314, 22.595717], [69.9566191, 22.5957814], [69.9567586, 22.5957938], [69.9569021, 22.5958223], [69.9570014, 22.5958941], [69.957051, 22.5960092], [69.95711, 22.5961628], [69.9571757, 22.5962532], [69.9572843, 22.5963411], [69.9577618, 22.5965639], [69.9580353, 22.5966432], [69.9582016, 22.5966828], [69.9584001, 22.5966779], [69.9585825, 22.5966779], [69.9587488, 22.596658], [69.9589795, 22.5966432], [69.9591887, 22.5966234], [69.9593148, 22.5965961], [69.9594462, 22.5965639], [69.9596259, 22.5965689], [69.95976, 22.5966258], [69.9598217, 22.5967472], [69.9598485, 22.5969081], [69.9598137, 22.5969998], [69.9597654, 22.5970617], [69.9596795, 22.5971186], [69.9596661, 22.5971756], [69.9596849, 22.5972499], [69.9597573, 22.5972969], [69.9598646, 22.5972969], [69.9600497, 22.5972722], [69.9603072, 22.5973811], [69.9605673, 22.5975446], [69.9607336, 22.5976139], [69.9610501, 22.5976188], [69.9612808, 22.5975545], [69.9615598, 22.597344], [69.9616858, 22.5972895], [69.9618092, 22.5972845], [69.9619111, 22.5973068], [69.9619889, 22.5974059], [69.9621874, 22.597604], [69.962284, 22.5978417], [69.9624664, 22.5980448], [69.9626273, 22.5982032], [69.9628472, 22.5985054], [69.9630457, 22.5987183], [69.9631584, 22.5988619], [69.9632657, 22.5990056], [69.9633461, 22.5991938], [69.9634159, 22.599377], [69.9633944, 22.5995503], [69.9631101, 22.5997286], [69.962756, 22.5998524], [69.9623322, 22.5999069], [69.9620372, 22.6000555], [69.9617529, 22.6003229], [69.9613345, 22.6006399], [69.9609858, 22.6008083], [69.9606317, 22.6010658], [69.9602562, 22.6013085], [69.960106, 22.6015858], [69.9600577, 22.6017938], [69.9599075, 22.6020761], [69.9596125, 22.6023485], [69.9592638, 22.6026506], [69.958958, 22.6029774], [69.9587756, 22.6031607], [69.9585181, 22.6033241], [69.958325, 22.6033439], [69.9581051, 22.6033389], [69.9579388, 22.6034132], [69.95781, 22.6035668], [69.9577188, 22.6036708], [69.9575472, 22.6037748], [69.9572521, 22.6039728], [69.9569732, 22.6041165], [69.9567479, 22.6041907], [69.9562222, 22.6043839], [69.9555945, 22.6045374], [69.9552083, 22.6046167], [69.9547952, 22.6046959], [69.9544734, 22.6047206], [69.954232, 22.6046959], [69.9540603, 22.6046414], [69.9539745, 22.6044631], [69.9540067, 22.6042403], [69.9541086, 22.6039679], [69.9541676, 22.60375], [69.9541247, 22.6035568], [69.9539208, 22.6034875], [69.9537814, 22.6034974], [69.9536794, 22.6035717], [69.9535266, 22.6036608], [69.9534246, 22.6037104], [69.9532905, 22.6037252], [69.953194, 22.6037228], [69.9530733, 22.6037475], [69.9529847, 22.6037673], [69.9528667, 22.6038119], [69.9527997, 22.603901], [69.9528024, 22.6039852], [69.9528077, 22.6040744], [69.952797, 22.6042328], [69.9527782, 22.6043344], [69.9527138, 22.6045349], [69.9526307, 22.6046365], [69.9524671, 22.6047949], [69.9523249, 22.6048717], [69.9521774, 22.6048816], [69.9520701, 22.6048667], [69.951936, 22.6048222], [69.9518716, 22.6047504], [69.951759, 22.6046414], [69.9517053, 22.6045102], [69.9516329, 22.6044904], [69.951472, 22.6045151], [69.9513164, 22.6045473], [69.9511313, 22.604478], [69.9509382, 22.6042947], [69.9507344, 22.6041561], [69.950493, 22.603958], [69.9503267, 22.6038243], [69.9502301, 22.6037005], [69.9501818, 22.6033835], [69.9502462, 22.6030864], [69.9505252, 22.6025515], [69.9505949, 22.6023633], [69.9505788, 22.6021058], [69.9504232, 22.6018483], [69.9503106, 22.601774], [69.9502167, 22.6017715], [69.9500933, 22.6018384], [69.9499539, 22.601826], [69.9498385, 22.6017245], [69.9497741, 22.6015536], [69.9497634, 22.6013902], [69.9497259, 22.6012664], [69.94964, 22.601197], [69.9495488, 22.6011574], [69.9494067, 22.6011475], [69.9492806, 22.6011054], [69.949125, 22.6010014], [69.9490312, 22.6009469], [69.9488354, 22.6009098], [69.9487576, 22.6008677], [69.9487147, 22.6007686]]]}}, {"type": "Feature", "properties": {"name": "Malvan Marine Sanctuary", "authority": "OSM/ODbL", "osm_type": "way"}, "bbox": [73.4166667, 16.0333333, 73.4708333, 16.0483333], "geometry": {"type": "Polygon", "coordinates": [[[73.4166667, 16.0333333], [73.45, 16.0333333], [73.4708333, 16.045], [73.4616667, 16.0483333], [73.45, 16.045], [73.4166667, 16.0333333]]]}}, {"type": "Feature", "properties": {"name": "Point Calimere WLS", "authority": "OSM/ODbL"}, "bbox": [79.8291385, 10.2767063, 79.8748755, 10.3356178], "geometry": {"type": "Polygon", "coordinates": [[[79.8291385, 10.2871203], [79.8296937, 10.2863602], [79.8303723, 10.2853943], [79.8310187, 10.2854049], [79.8327649, 10.2833569], [79.8333013, 10.2824174], [79.833591, 10.2817101], [79.8339772, 10.2791132], [79.8338699, 10.2767063], [79.8441267, 10.2779731], [79.8515081, 10.28], [79.8564863, 10.2822169], [79.8614001, 10.284856], [79.8661744, 10.2871256], [79.8699751, 10.2887988], [79.8721504, 10.2922243], [79.873867, 10.29461], [79.8748755, 10.2967423], [79.8742103, 10.2986635], [79.8711204, 10.2987902], [79.8696184, 10.3077838], [79.8676872, 10.3199437], [79.8654663, 10.3293483], [79.865005, 10.331702], [79.8645437, 10.3342246], [79.8643827, 10.3352906], [79.863975, 10.3356178], [79.8601395, 10.3353909], [79.8565721, 10.3351481], [79.8525327, 10.3348421], [79.8505962, 10.3346521], [79.845103, 10.3345835], [79.8448563, 10.3341507], [79.8434829, 10.3329053], [79.8429036, 10.3315542], [79.8413157, 10.3314909], [79.8400068, 10.330731], [79.8389983, 10.3292744], [79.8383331, 10.3271634], [79.8396689, 10.3256593], [79.839068, 10.3240866], [79.8388106, 10.322973], [79.8383975, 10.3215744], [79.8378825, 10.3204186], [79.8376626, 10.3197748], [79.8375392, 10.3182812], [79.8375982, 10.3175951], [79.8375982, 10.3173312], [79.8372334, 10.3166609], [79.8370135, 10.3162757], [79.8367023, 10.3153046], [79.8359621, 10.3141171], [79.8356992, 10.313621], [79.835372, 10.3117421], [79.8352593, 10.3113304], [79.8341757, 10.3090029], [79.8337573, 10.3078101], [79.8336232, 10.3070026], [79.8327273, 10.3055512], [79.8317349, 10.3047384], [79.8333549, 10.3024637], [79.831869, 10.2984577], [79.8321748, 10.2974918], [79.83284, 10.2964414], [79.8338914, 10.2957764], [79.8350823, 10.2952592], [79.8350555, 10.2945572], [79.8347926, 10.2935966], [79.8348087, 10.2933274], [79.8350984, 10.2925885], [79.8343742, 10.2915909], [79.8337197, 10.29053], [79.8306888, 10.2890046], [79.8308068, 10.2883924], [79.8295355, 10.2874845], [79.8291385, 10.2871203]]]}}, {"type": "Feature", "properties": {"name": "Gahirmatha (Marine) WLS", "authority": "OSM/ODbL"}, "bbox": [86.7145727, 20.283775, 87.2998523, 20.784042], "geometry": {"type": "Polygon", "coordinates": [[[86.7145727, 20.3613653], [86.7176626, 20.3563762], [86.726074, 20.3539621], [86.7339705, 20.3529964], [86.7456434, 20.356859], [86.761608, 20.3706993], [86.7791174, 20.3718257], [86.7823785, 20.3600783], [86.7535394, 20.3233803], [86.9519804, 20.283775], [87.0005606, 20.4159128], [87.2674939, 20.6331059], [87.2998523, 20.7166209], [87.1341131, 20.784042], [87.0573803, 20.7516196], [87.0096585, 20.7400613], [87.0051953, 20.7294655], [87.0024487, 20.7169422], [87.0003888, 20.702491], [87.0185849, 20.7015275], [87.0426175, 20.7073082], [86.7937086, 20.5460083], [86.782379, 20.5337915], [86.7720793, 20.505496], [86.761136, 20.5033654], [86.7542263, 20.4977783], [86.7428967, 20.4762305], [86.7363736, 20.4646514], [86.7329403, 20.4530714], [86.7322537, 20.4350563], [86.7305371, 20.4109256], [86.7181776, 20.3938708], [86.7190359, 20.3864692], [86.7173193, 20.3750442], [86.7145727, 20.3613653]]]}}, {"type": "Feature", "properties": {"name": "Marine (Gulf of Kachchh) National Park", "authority": "OSM/ODbL"}, "bbox": [69.2903851, 22.2804397, 70.0570511, 22.6276988], "geometry": {"type": "MultiPolygon", "coordinates": [[[[69.2903851, 22.4595218], [69.290514, 22.4587482], [69.2913508, 22.4572808], [69.2920589, 22.4565074], [69.2928741, 22.4560514], [69.3153189, 22.4478413], [69.3175936, 22.4476627], [69.3199432, 22.4479403], [69.3223786, 22.4485353], [69.3245886, 22.4494279], [69.3654442, 22.5111099], [69.3656695, 22.5122002], [69.365766, 22.5132904], [69.3654442, 22.5144996], [69.3648648, 22.5154312], [69.3558097, 22.5245292], [69.3532133, 22.5275618], [69.3499946, 22.5283843], [69.3467545, 22.5288898], [69.3305969, 22.5295636], [69.3198895, 22.5276807], [69.3186343, 22.5271753], [69.3173897, 22.5265212], [69.3164027, 22.5257086], [69.3154906, 22.5246087], [69.2903851, 22.4595218]]], [[[69.3209835, 22.3059322], [69.3354668, 22.297676], [69.3380526, 22.2997566], [69.3384614, 22.2993979], [69.3382532, 22.2988883], [69.3421024, 22.29775], [69.3505462, 22.298813], [69.3711089, 22.2986263], [69.3767737, 22.2875876], [69.4029521, 22.2873493], [69.4159984, 22.2810751], [69.4264697, 22.2804397], [69.4384002, 22.2935438], [69.4467258, 22.2871905], [69.4656085, 22.2885406], [69.4676684, 22.292432], [69.4789981, 22.2928291], [69.4801997, 22.3085525], [69.4680118, 22.3252268], [69.4801139, 22.3316578], [69.4830321, 22.3295142], [69.4929027, 22.335945], [69.4923877, 22.3537275], [69.5036315, 22.3642053], [69.5170424, 22.3652174], [69.5242603, 22.3657358], [69.5352172, 22.3661897], [69.5441435, 22.371349], [69.5578764, 22.3757936], [69.5511816, 22.4051568], [69.5300673, 22.4235651], [69.4996832, 22.4440336], [69.4662092, 22.4184872], [69.4564246, 22.3952374], [69.4529055, 22.370714], [69.4609737, 22.3519811], [69.4413183, 22.3402322], [69.4134232, 22.3282441], [69.363856, 22.3303481], [69.3476769, 22.3310229], [69.3255326, 22.3305466], [69.3209835, 22.3059322]]], [[[69.8441184, 22.5174137], [69.8572466, 22.4961153], [69.8790201, 22.4875359], [69.8998331, 22.4878317], [69.9485034, 22.4972986], [70.0464845, 22.5759675], [70.0570511, 22.5898629], [70.0570511, 22.6146939], [70.0429623, 22.6276988], [69.9385773, 22.6182408], [69.9123209, 22.608191], [69.8463598, 22.5348642], [69.8441184, 22.5174137]]]]}}, {"type": "Feature", "properties": {"name": "Pitti Island", "authority": "OSM/ODbL"}, "bbox": [72.5331983, 10.774462, 72.5352903, 10.7757455], "geometry": {"type": "Polygon", "coordinates": [[[72.5331983, 10.7756088], [72.5332027, 10.7750938], [72.5337235, 10.775098], [72.5337277, 10.7745829], [72.5347706, 10.774462], [72.5352903, 10.7745954], [72.5351554, 10.7751093], [72.5347611, 10.7756213], [72.5342391, 10.7757455], [72.5331983, 10.7756088]]]}}], "note": "Boundaries (c) OpenStreetMap contributors, ODbL. Cross-check names/areas against the MoEFCC MPA inventory (Dataful 1342) and WDPA before production use."}